review_rank,candidate_id,suggested_label,reviewer_label,review_bucket,score_hint,title,years,location,country,skills,evidence_summary,concern_summary,response_rate,notice_period_days,last_active_date,reviewer_notes
1,CAND_0081846,strong_fit,strong_fit,strong_fit,220.412,Lead AI Engineer,6.7,"Jaipur, Rajasthan",India,"Data Science, Information Retrieval, LlamaIndex, pgvector, Forecasting, Learning to Rank, Elasticsearch, PyTorch, Vector Search, scikit-learn, Deep Learning, Recommendation Systems, Python, Embeddings",role title; 10 retrieval/search skills; 10 career IR hints; 6 production hints,no major structural concern,0.73,30.0,2026-05-03,Solid profile — role title; 10 retrieval/search skills; 10 career IR hints; 6 production hints. Title and depth both align. Score 220.4 reflects genuine fit. No blockers. Recommend direct outreach.
2,CAND_0077337,strong_fit,strong_fit,strong_fit,219.98,Staff Machine Learning Engineer,7.0,"Kochi, Kerala",India,"GANs, Semantic Search, QLoRA, pgvector, Pinecone, Feature Engineering, BM25, Information Retrieval, LLMs, OpenCV, Data Science, Forecasting, Excel, RAG",role title; 9 retrieval/search skills; 10 career IR hints; 8 production hints,no major structural concern,0.95,60.0,2026-05-26,Solid profile — role title; 9 retrieval/search skills; 10 career IR hints; 8 production hints. Title and depth both align. Score 220.0 reflects genuine fit. No blockers. Recommend direct outreach. High response rate (95%) — good reach probability.
3,CAND_0008425,strong_fit,strong_fit,strong_fit,214.304,Senior NLP Engineer,7.8,"Kolkata, West Bengal",India,"Learning to Rank, Qdrant, Weights & Biases, pgvector, Sentence Transformers, NLP, Haystack, TensorFlow, Python, Prompt Engineering, Image Classification, Object Detection, Semantic Search, LoRA",role title; 6 retrieval/search skills; 11 career IR hints; 8 production hints,no major structural concern,0.66,90.0,2026-04-25,'Senior NLP Engineer' with 7.8 yrs and score 214.3 — exactly the profile we want. All green. Move forward. 90-day notice is a significant timeline concern for urgent roles.
4,CAND_0018499,strong_fit,strong_fit,strong_fit,210.084,Senior Machine Learning Engineer,7.2,"Noida, Uttar Pradesh",India,"Deep Learning, Weaviate, Recommendation Systems, scikit-learn, Diffusion Models, Pinecone, Information Retrieval, Milvus, QLoRA, RAG, Embeddings, Learning to Rank, CNN, Go",role title; 9 retrieval/search skills; 9 career IR hints; 5 production hints,no major structural concern,0.61,15.0,2026-05-13,Strong evidence across all signal types. 7.2 yrs experience with the right stack. Cleared for priority pipeline.
5,CAND_0071974,strong_fit,strong_fit,strong_fit,198.344,Senior AI Engineer,7.8,"Vizag, Andhra Pradesh",India,"LoRA, Learning to Rank, Weaviate, PEFT, BM25, Pinecone, Machine Learning, Information Retrieval, Qdrant, Embeddings, CNN, RAG, MLOps, Forecasting",role title; 9 retrieval/search skills; 7 career IR hints; 8 production hints,no major structural concern,0.76,45.0,2026-04-16,Strong evidence across all signal types. 7.8 yrs experience with the right stack. Cleared for priority pipeline.
6,CAND_0079387,strong_fit,strong_fit,strong_fit,195.764,AI Engineer,6.9,"Trivandrum, Kerala",India,"scikit-learn, Recommendation Systems, Python, Time Series, Sentence Transformers, JavaScript, Illustrator, Vector Search, Next.js, OpenSearch, YOLO, Reinforcement Learning, QLoRA, LoRA",role title; 6 retrieval/search skills; 11 career IR hints; 5 production hints,no major structural concern,0.81,30.0,2026-04-25,Strong evidence across all signal types. 6.9 yrs experience with the right stack. Cleared for priority pipeline.
7,CAND_0055905,strong_fit,strong_fit,strong_fit,195.028,Senior Machine Learning Engineer,8.1,London,UK,"Elasticsearch, ASR, Hugging Face Transformers, Haystack, Speech Recognition, LangChain, Python, LLMs, OpenSearch, Fine-tuning LLMs, Information Retrieval, Embeddings, Vector Search",role title; 6 retrieval/search skills; 10 career IR hints; 8 production hints,no major structural concern,0.87,30.0,2026-05-17,Solid profile — role title; 6 retrieval/search skills; 10 career IR hints; 8 production hints. Title and depth both align. Score 195.0 reflects genuine fit. No blockers. Recommend direct outreach. High response rate (87%) — good reach probability.
8,CAND_0005649,strong_fit,strong_fit,strong_fit,192.908,Senior Data Scientist,7.4,"Delhi, Delhi",India,"Haystack, Redis, Prompt Engineering, Object Detection, Deep Learning, TensorFlow, Fine-tuning LLMs, Recommendation Systems, QLoRA, OpenCV, Semantic Search, Weaviate, scikit-learn, RAG",role title; 5 retrieval/search skills; 11 career IR hints; 7 production hints,no major structural concern,0.57,90.0,2026-04-14,Solid profile — role title; 5 retrieval/search skills; 11 career IR hints; 7 production hints. Title and depth both align. Score 192.9 reflects genuine fit. No blockers. Recommend direct outreach. 90-day notice is a significant timeline concern for urgent roles.
9,CAND_0046064,strong_fit,strong_fit,strong_fit,190.632,Senior NLP Engineer,8.9,"Coimbatore, Tamil Nadu",India,"Python, Image Classification, OpenCV, Pinecone, Haystack, Six Sigma, TTS, Diffusion Models, BM25, YOLO, OpenSearch, PEFT, Deep Learning, Elasticsearch",role title; 6 retrieval/search skills; 12 career IR hints; 6 production hints,no major structural concern,0.78,30.0,2026-04-26,Good depth across IR and production skills. Response rate 78% is acceptable. Confirmed strong.
10,CAND_0044855,strong_fit,strong_fit,strong_fit,189.708,Senior Data Scientist,6.6,"Coimbatore, Tamil Nadu",India,"Object Detection, Learning to Rank, Hugging Face Transformers, OpenSearch, BentoML, Information Retrieval, Pinecone, Machine Learning, Vector Search, NLP, Forecasting, QLoRA, Data Science, Statistical Modeling",role title; 7 retrieval/search skills; 11 career IR hints; 3 production hints,no major structural concern,0.57,60.0,2026-04-24,Solid profile — role title; 7 retrieval/search skills; 11 career IR hints; 3 production hints. Title and depth both align. Score 189.7 reflects genuine fit. No blockers. Recommend direct outreach.
11,CAND_0030953,strong_fit,strong_fit,strong_fit,182.172,Search Engineer,7.8,"Chennai, Tamil Nadu",India,"TTS, MLOps, Learning to Rank, Databricks, Time Series, ASR, Qdrant, Reinforcement Learning, Python, Hugging Face Transformers, pgvector, Weaviate, RAG, LangChain",role title; 5 retrieval/search skills; 11 career IR hints; 6 production hints,no major structural concern,0.63,45.0,2026-04-11,Solid profile — role title; 5 retrieval/search skills; 11 career IR hints; 6 production hints. Title and depth both align. Score 182.2 reflects genuine fit. No blockers. Recommend direct outreach.
12,CAND_0080766,strong_fit,strong_fit,strong_fit,180.904,Staff Machine Learning Engineer,8.8,"Coimbatore, Tamil Nadu",India,"Search Backend, LoRA, Vue.js, Tally, Search & Discovery, MLOps, Search Infrastructure, MLflow, Open-source ML libraries, Information Retrieval Systems, Elasticsearch, Computer Vision, Deep Learning, Natural Language Processing",role title; 6 retrieval/search skills; 8 career IR hints; 9 production hints,no major structural concern,0.66,0.0,2026-04-09,Solid profile — role title; 6 retrieval/search skills; 8 career IR hints; 9 production hints. Title and depth both align. Score 180.9 reflects genuine fit. No blockers. Recommend direct outreach.
13,CAND_0066376,strong_fit,strong_fit,strong_fit,180.644,Applied ML Engineer,5.7,"Mumbai, Maharashtra",India,"Recommendation Systems, LoRA, Learning to Rank, LLMs, Fine-tuning LLMs, Deep Learning, NLP, Reinforcement Learning, Information Retrieval, Object Detection, BM25, PowerPoint, Time Series, FAISS",role title; 6 retrieval/search skills; 10 career IR hints; 2 production hints,no major structural concern,0.51,90.0,2026-05-03,Strong evidence across all signal types. 5.7 yrs experience with the right stack. Cleared for priority pipeline. 90-day notice is a significant timeline concern for urgent roles.
14,CAND_0005260,strong_fit,strong_fit,strong_fit,172.984,Senior NLP Engineer,5.2,"Chennai, Tamil Nadu",India,"Statistical Modeling, MLOps, Snowflake, Prompt Engineering, Information Retrieval, Speech Recognition, Semantic Search, Deep Learning, Python, NLP, MLflow, LoRA, RAG, Kubeflow",role title; 5 retrieval/search skills; 9 career IR hints; 5 production hints,no major structural concern,0.86,60.0,2026-05-10,Strong evidence across all signal types. 5.2 yrs experience with the right stack. Cleared for priority pipeline. High response rate (86%) — good reach probability.
15,CAND_0081686,strong_fit,strong_fit,strong_fit,172.204,Search Engineer,6.0,Austin,USA,"Machine Learning, Kubeflow, Embeddings, FAISS, Feature Engineering, OpenCV, Milvus, BigQuery, CNN, Python, LangChain, Semantic Search, QLoRA, Java",role title; 5 retrieval/search skills; 10 career IR hints; 4 production hints,no major structural concern,0.91,60.0,2026-04-25,Solid profile — role title; 5 retrieval/search skills; 10 career IR hints; 4 production hints. Title and depth both align. Score 172.2 reflects genuine fit. No blockers. Recommend direct outreach. High response rate (91%) — good reach probability.
16,CAND_0007009,strong_fit,strong_fit,strong_fit,168.928,Recommendation Systems Engineer,7.9,"Noida, Uttar Pradesh",India,"Statistical Modeling, ETL, Weaviate, Python, Embeddings, Learning to Rank, PEFT, BM25, LoRA, CNN, Forecasting, LLMs, Sentence Transformers, Weights & Biases",role title; 6 retrieval/search skills; 9 career IR hints; 2 production hints,no major structural concern,0.62,30.0,2026-03-19,Strong evidence across all signal types. 7.9 yrs experience with the right stack. Cleared for priority pipeline.
17,CAND_0011162,strong_fit,strong_fit,strong_fit,168.7,Recommendation Systems Engineer,5.8,"Coimbatore, Tamil Nadu",India,"Weights & Biases, FAISS, Vector Search, LangChain, CNN, LoRA, Milvus, OpenSearch, Django, Kubeflow, Sentence Transformers, gRPC, Pinecone, Python",role title; 8 retrieval/search skills; 5 career IR hints; 7 production hints,no major structural concern,0.75,90.0,2026-05-10,Good depth across IR and production skills. Response rate 75% is acceptable. Confirmed strong. 90-day notice is a significant timeline concern for urgent roles.
18,CAND_0086022,strong_fit,strong_fit,strong_fit,168.02,Senior Applied Scientist,5.3,"Kolkata, West Bengal",India,"Vector Search, MLflow, Recommendation Systems, Databricks, Deep Learning, pgvector, Fine-tuning LLMs, Elasticsearch, QLoRA, Pinecone, Embeddings, Kubeflow, PyTorch, ETL",role title; 5 retrieval/search skills; 9 career IR hints; 3 production hints,no major structural concern,0.55,0.0,2026-04-15,Strong evidence across all signal types. 5.3 yrs experience with the right stack. Cleared for priority pipeline.
19,CAND_0041669,strong_fit,strong_fit,strong_fit,167.188,Recommendation Systems Engineer,8.0,"Noida, Uttar Pradesh",India,"FAISS, Milvus, PEFT, Diffusion Models, MLflow, QLoRA, Haystack, Semantic Search, Weaviate, Prompt Engineering, Flask, Weights & Biases, ASR, MLOps",role title; 6 retrieval/search skills; 7 career IR hints; 4 production hints,no major structural concern,0.77,60.0,2026-04-06,Good depth across IR and production skills. Response rate 77% is acceptable. Confirmed strong.
20,CAND_0060054,strong_fit,strong_fit,strong_fit,166.584,AI Engineer,6.4,"Jaipur, Rajasthan",India,"Diffusion Models, TensorFlow, Weaviate, FAISS, Time Series, Feature Engineering, Prompt Engineering, Elasticsearch, Semantic Search, Recommendation Systems",role title; 5 retrieval/search skills; 10 career IR hints; 5 production hints,no major structural concern,0.86,15.0,2026-03-17,'AI Engineer' with 6.4 yrs and score 166.6 — exactly the profile we want. All green. Move forward. High response rate (86%) — good reach probability.
21,CAND_0027691,strong_fit,strong_fit,strong_fit,164.392,NLP Engineer,6.5,"Pune, Maharashtra",India,"SAP, LoRA, PEFT, Recommendation Systems, Statistical Modeling, Weaviate, scikit-learn, Marketing, Embeddings, Learning to Rank, TTS, QLoRA, TensorFlow, Semantic Search",role title; 6 retrieval/search skills; 6 career IR hints; 5 production hints,no major structural concern,0.68,15.0,2026-03-31,Solid profile — role title; 6 retrieval/search skills; 6 career IR hints; 5 production hints. Title and depth both align. Score 164.4 reflects genuine fit. No blockers. Recommend direct outreach.
22,CAND_0002025,strong_fit,strong_fit,strong_fit,159.72,Senior AI Engineer,5.9,"Trivandrum, Kerala",India,"Diffusion Models, FAISS, TensorFlow, scikit-learn, OpenSearch, Haystack, Weaviate, Sentence Transformers, QLoRA, NLP, Pinecone, Recommendation Systems, Deep Learning, Python",role title; 6 retrieval/search skills; 5 career IR hints; 7 production hints,no major structural concern,0.8,30.0,2026-05-26,Strong evidence across all signal types. 5.9 yrs experience with the right stack. Cleared for priority pipeline.
23,CAND_0096172,strong_fit,strong_fit,strong_fit,159.468,NLP Engineer,5.2,"Chennai, Tamil Nadu",India,"OpenSearch, Haystack, Forecasting, Elasticsearch, Semantic Search, CNN, LangChain, Time Series, Python, RAG, Fine-tuning LLMs, Hugging Face Transformers, GraphQL, Sentence Transformers",role title; 6 retrieval/search skills; 10 career IR hints; 2 production hints,no major structural concern,0.47,45.0,2026-05-03,Good depth across IR and production skills. Response rate 47% is acceptable. Confirmed strong.
24,CAND_0041568,strong_fit,maybe,strong_fit,158.688,Search Engineer,5.2,Sydney,Australia,"PEFT, Weaviate, Angular, Feature Engineering, GANs, Vector Search, TensorFlow, Computer Vision, BM25, Semantic Search, Recommendation Systems, CNN, Hugging Face Transformers, Spring Boot",role title; 7 retrieval/search skills; 7 career IR hints; 4 production hints,no major structural concern,0.52,90.0,2026-04-06,Evidence looks thinner on closer read. no major structural concern tips this to maybe. Screen first before committing a slot. 90-day notice is a significant timeline concern for urgent roles.
25,CAND_0075249,strong_fit,strong_fit,strong_fit,158.608,Applied ML Engineer,6.2,"Ahmedabad, Gujarat",India,"Sentence Transformers, Milvus, Machine Learning, Fine-tuning LLMs, MLflow, Hadoop, BM25, Pinecone, Haystack, Time Series, Diffusion Models, ASR, Kubeflow, Learning to Rank",role title; 4 retrieval/search skills; 10 career IR hints; 2 production hints,no major structural concern,0.82,45.0,2026-04-09,'Applied ML Engineer' with 6.2 yrs and score 158.6 — exactly the profile we want. All green. Move forward.
26,CAND_0088025,strong_fit,maybe,strong_fit,158.052,Staff Machine Learning Engineer,8.6,"Jaipur, Rajasthan",India,"Pinecone, QLoRA, LLMs, Hugging Face Transformers, RAG, SAP, TensorFlow, LoRA, Flask, Prompt Engineering, BM25, Elasticsearch, MLOps, pgvector",role title; 6 retrieval/search skills; 8 career IR hints; 2 production hints,no major structural concern,0.83,90.0,2026-05-14,Downgrading from 'strong_fit'. no major structural concern is more significant than score implies. Conditional shortlist only. 90-day notice is a significant timeline concern for urgent roles.
27,CAND_0030031,strong_fit,strong_fit,strong_fit,157.736,AI Engineer,5.7,"Trivandrum, Kerala",India,"Information Retrieval, PyTorch, Object Detection, Python, NLP, RAG, OpenCV, LoRA, QLoRA, BM25, Time Series, Sentence Transformers, YOLO, Milvus",role title; 6 retrieval/search skills; 6 career IR hints; 7 production hints,no major structural concern,0.94,30.0,2026-05-22,Strong evidence across all signal types. 5.7 yrs experience with the right stack. Cleared for priority pipeline. High response rate (94%) — good reach probability.
28,CAND_0049538,strong_fit,strong_fit,strong_fit,155.768,Applied ML Engineer,5.8,"Jaipur, Rajasthan",India,"LlamaIndex, Feature Engineering, MLflow, Computer Vision, TTS, Learning to Rank, OpenSearch, Vector Search, Milvus, QLoRA, Embeddings, CNN, LLMs, Deep Learning",role title; 7 retrieval/search skills; 4 career IR hints; 5 production hints,no major structural concern,0.72,30.0,2026-05-27,'Applied ML Engineer' with 5.8 yrs and score 155.8 — exactly the profile we want. All green. Move forward.
29,CAND_0062247,strong_fit,strong_fit,strong_fit,155.632,AI Engineer,7.3,"Kochi, Kerala",India,"Image Classification, OpenCV, Reinforcement Learning, ASR, Pinecone, Vector Search, Qdrant, RAG, Computer Vision, PEFT, Speech Recognition, Illustrator, Hugging Face Transformers, Learning to Rank",role title; 7 retrieval/search skills; 6 career IR hints; 3 production hints,no major structural concern,0.78,30.0,2026-04-23,Solid profile — role title; 7 retrieval/search skills; 6 career IR hints; 3 production hints. Title and depth both align. Score 155.6 reflects genuine fit. No blockers. Recommend direct outreach.
30,CAND_0041610,strong_fit,strong_fit,strong_fit,155.488,Recommendation Systems Engineer,6.7,"Indore, Madhya Pradesh",India,"OpenCV, LoRA, Statistical Modeling, Data Science, Elasticsearch, GANs, OpenSearch, LangChain, BM25, scikit-learn, Learning to Rank, Forecasting, Feature Engineering, Embeddings",role title; 6 retrieval/search skills; 6 career IR hints; 5 production hints,no major structural concern,0.52,30.0,2026-05-14,Solid profile — role title; 6 retrieval/search skills; 6 career IR hints; 5 production hints. Title and depth both align. Score 155.5 reflects genuine fit. No blockers. Recommend direct outreach.
31,CAND_0075574,strong_fit,strong_fit,strong_fit,155.352,Machine Learning Engineer,5.7,"Bangalore, Karnataka",India,"Hugging Face Transformers, pgvector, Weaviate, Recommendation Systems, OpenSearch, Weights & Biases, scikit-learn, LlamaIndex, Statistical Modeling, Qdrant, MongoDB, Vector Search, TTS, Elasticsearch",role title; 7 retrieval/search skills; 5 career IR hints; 5 production hints,no major structural concern,0.58,60.0,2026-05-17,Good depth across IR and production skills. Response rate 57% is acceptable. Confirmed strong.
32,CAND_0069905,strong_fit,maybe,strong_fit,154.832,Applied ML Engineer,6.6,"Bhubaneswar, Odisha",India,"Flask, Redux, LoRA, Computer Vision, Speech Recognition, Image Classification, Recommendation Systems, Sentence Transformers, LangChain, TensorFlow, Hugging Face Transformers, MLOps, Forecasting, Python",role title; 4 retrieval/search skills; 9 career IR hints; 2 production hints,no major structural concern,0.78,90.0,2026-04-21,Downgrading from 'strong_fit'. no major structural concern is more significant than score implies. Conditional shortlist only. 90-day notice is a significant timeline concern for urgent roles.
33,CAND_0077285,strong_fit,strong_fit,strong_fit,154.264,Recommendation Systems Engineer,5.5,"Ahmedabad, Gujarat",India,"OpenCV, Excel, LoRA, Reinforcement Learning, Pinecone, Sentence Transformers, CNN, Embeddings, Information Retrieval, Fine-tuning LLMs, Milvus, NLP, LlamaIndex, BentoML",role title; 5 retrieval/search skills; 6 career IR hints; 7 production hints,no major structural concern,0.56,60.0,2026-05-03,'Recommendation Systems Engineer' with 5.5 yrs and score 154.3 — exactly the profile we want. All green. Move forward.
34,CAND_0068811,strong_fit,strong_fit,strong_fit,154.048,Applied ML Engineer,8.0,"Pune, Maharashtra",India,"Data Science, Vector Search, Speech Recognition, TTS, Kubeflow, Qdrant, scikit-learn, TensorFlow, Embeddings, pgvector, Pinecone, Time Series, PEFT, gRPC",role title; 6 retrieval/search skills; 7 career IR hints; 6 production hints,no major structural concern,0.42,30.0,2026-05-21,'Applied ML Engineer' with 8.0 yrs and score 154.0 — exactly the profile we want. All green. Move forward.
35,CAND_0047721,strong_fit,maybe,strong_fit,153.956,Senior Data Scientist,7.0,"Coimbatore, Tamil Nadu",India,"Learning to Rank, MLOps, Milvus, BM25, RAG, Diffusion Models, Image Classification, Redux, Information Retrieval, Photoshop, FAISS, Qdrant, Machine Learning, OpenCV",role title; 7 retrieval/search skills; 6 career IR hints; 4 production hints,no major structural concern,0.49,90.0,2026-04-05,Evidence looks thinner on closer read. no major structural concern tips this to maybe. Screen first before committing a slot. 90-day notice is a significant timeline concern for urgent roles.
36,CAND_0051630,strong_fit,maybe,strong_fit,153.044,Machine Learning Engineer,6.0,"Kolkata, West Bengal",India,"Elasticsearch, Hugging Face Transformers, BentoML, MLflow, Embeddings, Recommendation Systems, Machine Learning, Python, NLP, Excel, OpenSearch, GANs, LoRA, Sentence Transformers",role title; 6 retrieval/search skills; 6 career IR hints; 3 production hints,no major structural concern,0.51,90.0,2026-04-04,Downgrading from 'strong_fit'. no major structural concern is more significant than score implies. Conditional shortlist only. 90-day notice is a significant timeline concern for urgent roles.
37,CAND_0070202,strong_fit,maybe,strong_fit,149.44,Machine Learning Engineer,5.1,"Jaipur, Rajasthan",India,"Microservices, Object Detection, OpenCV, Embeddings, Qdrant, LoRA, Learning to Rank, Fine-tuning LLMs, Semantic Search, GANs, PyTorch, Weights & Biases, BM25, RAG",role title; 6 retrieval/search skills; 6 career IR hints; 4 production hints,no major structural concern,0.6,90.0,2026-05-20,Evidence looks thinner on closer read. no major structural concern tips this to maybe. Screen first before committing a slot. 90-day notice is a significant timeline concern for urgent roles.
38,CAND_0011687,strong_fit,strong_fit,strong_fit,149.316,Senior NLP Engineer,7.8,"Indore, Madhya Pradesh",India,"TensorFlow, OpenSearch, FAISS, PEFT, Feature Engineering, Embeddings, LangChain, MLOps, Weaviate, PyTorch, Image Classification, Semantic Search, LlamaIndex",role title; 5 retrieval/search skills; 7 career IR hints; 5 production hints,no major structural concern,0.89,15.0,2026-05-10,Solid profile — role title; 5 retrieval/search skills; 7 career IR hints; 5 production hints. Title and depth both align. Score 149.3 reflects genuine fit. No blockers. Recommend direct outreach. High response rate (89%) — good reach probability.
39,CAND_0099401,strong_fit,maybe,strong_fit,148.648,NLP Engineer,7.7,"Ahmedabad, Gujarat",India,"BM25, Embeddings, ASR, Deep Learning, Qdrant, Haystack, Information Retrieval, GANs, Reinforcement Learning, Semantic Search, scikit-learn, LlamaIndex, Photoshop, Python",role title; 6 retrieval/search skills; 6 career IR hints; 6 production hints,no major structural concern,0.42,90.0,2026-05-27,Evidence looks thinner on closer read. no major structural concern tips this to maybe. Screen first before committing a slot. 90-day notice is a significant timeline concern for urgent roles.
40,CAND_0020877,strong_fit,strong_fit,strong_fit,147.104,Applied ML Engineer,5.1,"Gurgaon, Haryana",India,"QLoRA, Kubeflow, YOLO, Elasticsearch, PyTorch, OpenSearch, Information Retrieval, Forecasting, Statistical Modeling, LlamaIndex, Weaviate, Deep Learning, PEFT, Milvus",role title; 6 retrieval/search skills; 7 career IR hints; 2 production hints,no major structural concern,0.66,60.0,2026-04-03,Solid profile — role title; 6 retrieval/search skills; 7 career IR hints; 2 production hints. Title and depth both align. Score 147.1 reflects genuine fit. No blockers. Recommend direct outreach.
41,CAND_0031593,strong_fit,maybe,strong_fit,145.952,Search Engineer,7.8,"Kolkata, West Bengal",India,"Haystack, OpenCV, Hugging Face Transformers, CNN, Java, ASR, BentoML, Recommendation Systems, HTML, Statistical Modeling, GCP, Weights & Biases, BM25, LangChain",role title; 4 retrieval/search skills; 7 career IR hints; 4 production hints,no major structural concern,0.58,90.0,2026-03-19,Evidence looks thinner on closer read. no major structural concern tips this to maybe. Screen first before committing a slot. 90-day notice is a significant timeline concern for urgent roles.
42,CAND_0029367,strong_fit,maybe,strong_fit,145.788,Senior Data Scientist,5.7,"Bangalore, Karnataka",India,"GANs, Haystack, BentoML, MLflow, TensorFlow, QLoRA, FAISS, Sentence Transformers, RAG, NLP, LangChain, Image Classification, PyTorch, Pinecone",role title; 5 retrieval/search skills; 7 career IR hints; 2 production hints,no major structural concern,0.77,90.0,2026-05-20,Evidence looks thinner on closer read. no major structural concern tips this to maybe. Screen first before committing a slot. 90-day notice is a significant timeline concern for urgent roles.
43,CAND_0093912,strong_fit,strong_fit,strong_fit,144.104,Senior Data Scientist,5.3,"Chandigarh, Chandigarh",India,"Feature Engineering, SAP, CNN, Milvus, Embeddings, Recommendation Systems, Vector Search, Haystack, Sales, Learning to Rank, Elasticsearch, FastAPI, Forecasting",role title; 6 retrieval/search skills; 6 career IR hints; 3 production hints,no major structural concern,0.66,30.0,2026-05-11,Strong evidence across all signal types. 5.3 yrs experience with the right stack. Cleared for priority pipeline.
44,CAND_0039383,strong_fit,maybe,strong_fit,144.084,Applied ML Engineer,7.1,"Gurgaon, Haryana",India,"GANs, FAISS, ASR, Kubeflow, Recommendation Systems, Hugging Face Transformers, QLoRA, Feature Engineering, NLP, LoRA, Vector Search, MLflow, Elasticsearch, Prompt Engineering",role title; 4 retrieval/search skills; 7 career IR hints; 3 production hints,no major structural concern,0.61,90.0,2026-03-19,Downgrading from 'strong_fit'. no major structural concern is more significant than score implies. Conditional shortlist only. 90-day notice is a significant timeline concern for urgent roles.
45,CAND_0024620,strong_fit,strong_fit,strong_fit,142.804,AI Engineer,5.9,New York,USA,"Statistical Modeling, Object Detection, Semantic Search, BM25, Information Retrieval, Prompt Engineering, Diffusion Models, Feature Engineering, React, Python, LlamaIndex, PEFT, Recommendation Systems, Elasticsearch",role title; 6 retrieval/search skills; 4 career IR hints; 5 production hints,no major structural concern,0.41,45.0,2026-04-12,Solid profile — role title; 6 retrieval/search skills; 4 career IR hints; 5 production hints. Title and depth both align. Score 142.8 reflects genuine fit. No blockers. Recommend direct outreach.
46,CAND_0064326,strong_fit,strong_fit,strong_fit,142.136,Search Engineer,7.6,"Gurgaon, Haryana",India,"scikit-learn, PyTorch, Milvus, Deep Learning, Semantic Search, Weaviate, Object Detection, RAG, Weights & Biases, BM25, Webpack, Python, QLoRA, Reinforcement Learning",role title; 6 retrieval/search skills; 5 career IR hints; 5 production hints,no major structural concern,0.94,45.0,2026-05-21,Strong evidence across all signal types. 7.6 yrs experience with the right stack. Cleared for priority pipeline. High response rate (94%) — good reach probability.
47,CAND_0044222,strong_fit,strong_fit,strong_fit,141.44,AI Engineer,7.7,"Vizag, Andhra Pradesh",India,"Vector Search, LlamaIndex, OpenSearch, Java, Qdrant, Feature Engineering, Time Series, Weaviate, Content Writing, NLP, BM25, Deep Learning, LangChain, Hugging Face Transformers",role title; 5 retrieval/search skills; 7 career IR hints; 3 production hints,no major structural concern,0.6,60.0,2026-05-15,'AI Engineer' with 7.7 yrs and score 141.4 — exactly the profile we want. All green. Move forward.
48,CAND_0025640,strong_fit,strong_fit,strong_fit,141.028,AI Research Engineer,5.6,"Jaipur, Rajasthan",India,"Semantic Search, PEFT, Information Retrieval, Weights & Biases, FAISS, Flask, Next.js, PyTorch, OpenSearch, OpenCV, Kubeflow, Recommendation Systems, Elasticsearch, CNN",role title; 6 retrieval/search skills; 4 career IR hints; 3 production hints,no major structural concern,0.87,30.0,2026-05-03,Solid profile — role title; 6 retrieval/search skills; 4 career IR hints; 3 production hints. Title and depth both align. Score 141.0 reflects genuine fit. No blockers. Recommend direct outreach. High response rate (87%) — good reach probability.
49,CAND_0091909,strong_fit,strong_fit,strong_fit,140.86,Machine Learning Engineer,6.9,"Bangalore, Karnataka",India,"LLMs, Image Classification, Pinecone, Diffusion Models, QLoRA, Qdrant, OpenSearch, BentoML, scikit-learn, Sentence Transformers, Hugging Face Transformers, Learning to Rank, MLflow, LangChain",role title; 4 retrieval/search skills; 5 career IR hints; 5 production hints,no major structural concern,0.65,45.0,2026-03-18,Strong evidence across all signal types. 6.9 yrs experience with the right stack. Cleared for priority pipeline.
50,CAND_0074735,strong_fit,maybe,strong_fit,139.788,Applied ML Engineer,5.5,"Chandigarh, Chandigarh",India,"YOLO, RAG, Prompt Engineering, LlamaIndex, Machine Learning, Weaviate, GANs, ASR, Information Retrieval, BentoML, Object Detection, Semantic Search, Vector Search, Project Management",role title; 7 retrieval/search skills; 3 career IR hints; 4 production hints,no major structural concern,0.77,90.0,2026-03-28,Downgrading from 'strong_fit'. no major structural concern is more significant than score implies. Conditional shortlist only. 90-day notice is a significant timeline concern for urgent roles.
51,CAND_0051292,strong_fit,strong_fit,strong_fit,139.488,Applied ML Engineer,5.2,"Trivandrum, Kerala",India,"Vue.js, pgvector, FAISS, BentoML, LLMs, Time Series, Vector Search, PEFT, TTS, Fine-tuning LLMs, JavaScript, NLP, RAG, Elasticsearch",role title; 4 retrieval/search skills; 8 career IR hints; 3 production hints,no major structural concern,0.52,30.0,2026-04-12,Good depth across IR and production skills. Response rate 52% is acceptable. Confirmed strong.
52,CAND_0095528,strong_fit,strong_fit,strong_fit,139.42,Senior Data Scientist,5.3,"Indore, Madhya Pradesh",India,"Feature Engineering, OpenSearch, PyTorch, Semantic Search, Vector Search, pgvector, Qdrant, GANs, Elasticsearch, Fine-tuning LLMs, CNN, Python, scikit-learn, RAG",role title; 7 retrieval/search skills; 5 career IR hints; 4 production hints,no major structural concern,0.55,45.0,2026-05-03,'Senior Data Scientist' with 5.3 yrs and score 139.4 — exactly the profile we want. All green. Move forward.
53,CAND_0000031,strong_fit,strong_fit,strong_fit,137.804,Recommendation Systems Engineer,6.0,"Hyderabad, Telangana",India,"Go, MLflow, FAISS, Pinecone, Angular, Image Classification, Machine Learning, Speech Recognition, BentoML, MLOps, Embeddings, Information Retrieval, Hugging Face Transformers, Feature Engineering",role title; 4 retrieval/search skills; 5 career IR hints; 5 production hints,no major structural concern,0.91,60.0,2026-05-24,Good depth across IR and production skills. Response rate 91% is acceptable. Confirmed strong. High response rate (91%) — good reach probability.
54,CAND_0006418,strong_fit,strong_fit,strong_fit,135.848,Machine Learning Engineer,5.7,"Gurgaon, Haryana",India,"Kubernetes, gRPC, Semantic Search, Embeddings, TensorFlow, Object Detection, Weaviate, Elasticsearch, Snowflake, MLflow, Learning to Rank, Forecasting, Qdrant, Diffusion Models",role title; 7 retrieval/search skills; 2 career IR hints; 6 production hints,no major structural concern,0.92,60.0,2026-03-31,'Machine Learning Engineer' with 5.7 yrs and score 135.8 — exactly the profile we want. All green. Move forward. High response rate (92%) — good reach probability.
55,CAND_0050876,strong_fit,maybe,strong_fit,135.348,Applied ML Engineer,6.0,"Kolkata, West Bengal",India,"SQL, Qdrant, MLOps, FAISS, scikit-learn, Weights & Biases, LlamaIndex, Forecasting, Machine Learning, OpenSearch, YOLO, Kubeflow, QLoRA, Sentence Transformers",role title; 4 retrieval/search skills; 6 career IR hints; 4 production hints,no major structural concern,0.67,90.0,2026-05-26,Downgrading from 'strong_fit'. no major structural concern is more significant than score implies. Conditional shortlist only. 90-day notice is a significant timeline concern for urgent roles.
56,CAND_0091534,strong_fit,strong_fit,hidden_fit,116.296,AI Engineer,16.6,"Gurgaon, Haryana",India,"Hugging Face Transformers, scikit-learn, Diffusion Models, Qdrant, Sentence Transformers, RAG, Data Science, LlamaIndex, Kubeflow, LangChain",role title; 2 retrieval/search skills; 8 career IR hints; 3 production hints,no major structural concern,0.84,30.0,2026-05-05,'AI Engineer' with 16.6 yrs and score 116.3 — exactly the profile we want. All green. Move forward. Model underweighted career depth — manual review caught the real signal.
57,CAND_0030550,strong_fit,maybe,hidden_fit,99.496,AI Research Engineer,5.2,"Coimbatore, Tamil Nadu",India,"Pinecone, Time Series, Machine Learning, GANs, GraphQL, scikit-learn, Weights & Biases, LLMs, YOLO, Semantic Search",role title; 2 retrieval/search skills; 4 career IR hints; 4 production hints,long notice; low response,0.34,120.0,2026-03-20,Evidence looks thinner on closer read. long notice; low response tips this to maybe. Screen first before committing a slot. 120-day notice is a significant timeline concern for urgent roles.
58,CAND_0083879,strong_fit,maybe,hidden_fit,93.268,Machine Learning Engineer,7.1,"Noida, Uttar Pradesh",India,"MLOps, Fine-tuning LLMs, Milvus, Image Classification, Data Science, scikit-learn, Hugging Face Transformers, Prompt Engineering, Machine Learning, Sentence Transformers",role title; 1 retrieval/search skills; 3 career IR hints; 6 production hints,no major structural concern,0.47,30.0,2026-04-17,Downgrading from 'strong_fit'. no major structural concern is more significant than score implies. Conditional shortlist only.
59,CAND_0053527,strong_fit,maybe,hidden_fit,90.964,Junior ML Engineer,7.0,"Bangalore, Karnataka",India,"Pinecone, scikit-learn, Qdrant, CNN, Image Classification, QLoRA, MLOps, Reinforcement Learning, Photoshop",role title; 2 retrieval/search skills; 3 career IR hints; 4 production hints,no major structural concern,0.81,90.0,2026-05-27,Evidence looks thinner on closer read. no major structural concern tips this to maybe. Screen first before committing a slot. 90-day notice is a significant timeline concern for urgent roles.
60,CAND_0081778,strong_fit,maybe,hidden_fit,87.088,Data Scientist,6.4,Sydney,Australia,"QLoRA, pgvector, Data Science, Statistical Modeling, ETL, Object Detection, Machine Learning, Recommendation Systems, BentoML",role title; 1 retrieval/search skills; 3 career IR hints; 4 production hints,no major structural concern,0.52,90.0,2026-02-25,Downgrading from 'strong_fit'. no major structural concern is more significant than score implies. Conditional shortlist only. 90-day notice is a significant timeline concern for urgent roles.
61,CAND_0006833,strong_fit,maybe,hidden_fit,84.544,AI Research Engineer,5.7,"Kochi, Kerala",India,"TensorFlow, Semantic Search, Deep Learning, Data Science, Weights & Biases, Object Detection, GANs, Java, NLP",role title; 1 retrieval/search skills; 4 career IR hints; 3 production hints,long notice; low response,0.26,120.0,2026-04-18,Downgrading from 'strong_fit'. long notice; low response is more significant than score implies. Conditional shortlist only. 120-day notice is a significant timeline concern for urgent roles.
62,CAND_0061479,strong_fit,maybe,hidden_fit,81.964,ML Engineer,5.0,"Ahmedabad, Gujarat",India,"Speech Recognition, LlamaIndex, MLOps, BentoML, OpenSearch, PyTorch, GANs, CI/CD, Haystack, LLMs",role title; 1 retrieval/search skills; 3 career IR hints; 3 production hints,long notice,0.81,120.0,2026-04-20,Downgrading from 'strong_fit'. long notice is more significant than score implies. Conditional shortlist only. 120-day notice is a significant timeline concern for urgent roles.
63,CAND_0099751,strong_fit,maybe,hidden_fit,80.816,Junior ML Engineer,5.5,"Chennai, Tamil Nadu",India,"Sentence Transformers, gRPC, QLoRA, Time Series, MLOps, GANs, Vue.js, Reinforcement Learning, Hugging Face Transformers, Weaviate",role title; 1 retrieval/search skills; 3 career IR hints; 3 production hints,long notice,0.64,120.0,2026-04-22,Downgrading from 'strong_fit'. long notice is more significant than score implies. Conditional shortlist only. 120-day notice is a significant timeline concern for urgent roles.
64,CAND_0033861,maybe,maybe,good_but_logistics_risk,213.304,Senior NLP Engineer,8.0,"Vizag, Andhra Pradesh",India,"Reinforcement Learning, Weaviate, LoRA, LLMs, Machine Learning, TensorFlow, LlamaIndex, Time Series, Elasticsearch, Haystack, Diffusion Models, dbt, BentoML, Pinecone",role title; 7 retrieval/search skills; 10 career IR hints; 11 production hints,low response,0.16,30.0,2026-02-16,Decent fit on paper. low response is a real constraint. Recruiter to probe timeline/availability before advancing. Response rate 16% is very low — outreach risk is high.
65,CAND_0086151,maybe,maybe,good_but_logistics_risk,176.288,Recommendation Systems Engineer,7.7,"Vizag, Andhra Pradesh",India,"Figma, LangChain, BentoML, Data Science, Snowflake, Recommendation Systems, Qdrant, OpenSearch, Embeddings, PEFT, dbt, Sentence Transformers, LoRA, Computer Vision",role title; 6 retrieval/search skills; 10 career IR hints; 4 production hints,long notice,0.52,120.0,2026-03-23,Decent fit on paper. long notice is a real constraint. Recruiter to probe timeline/availability before advancing. 120-day notice is a significant timeline concern for urgent roles.
66,CAND_0092278,maybe,not_fit,good_but_logistics_risk,174.108,Senior NLP Engineer,6.8,"Pune, Maharashtra",India,"TensorFlow, Machine Learning, Hugging Face Transformers, gRPC, QLoRA, pgvector, NLP, Elasticsearch, Vector Search, Milvus, LLMs, PEFT, Object Detection, MLflow",role title; 4 retrieval/search skills; 11 career IR hints; 6 production hints,low response,0.07,90.0,2025-11-07,Score 174.1 looks reasonable but low response is a structural red flag. Downgrading to not fit. Response rate 7% is very low — outreach risk is high. 90-day notice is a significant timeline concern for urgent roles.
67,CAND_0083307,maybe,maybe,good_but_logistics_risk,174.08,Search Engineer,7.8,"Vizag, Andhra Pradesh",India,"OpenCV, scikit-learn, Embeddings, Image Classification, Weights & Biases, QLoRA, PEFT, Pinecone, GCP, Weaviate, Semantic Search, Python, Learning to Rank, MLflow",role title; 7 retrieval/search skills; 8 career IR hints; 3 production hints,long notice,0.7,120.0,2026-03-21,"Interesting profile — role title; 7 retrieval/search skills; 8 career IR hints; 3 production hints. However, long notice makes this conditional. Outreach OK but note long notice. 120-day notice is a significant timeline concern for urgent roles."
68,CAND_0070398,maybe,maybe,good_but_logistics_risk,173.64,Machine Learning Engineer,7.2,"Kochi, Kerala",India,"Image Classification, Data Science, BM25, RAG, FAISS, Object Detection, Embeddings, PyTorch, LoRA, Python, Information Retrieval, pgvector, Learning to Rank, Fine-tuning LLMs",role title; 8 retrieval/search skills; 7 career IR hints; 3 production hints,long notice,0.6,120.0,2026-04-14,Score 173.6 is mid-range. Would shortlist for screening but flag long notice upfront in the call. 120-day notice is a significant timeline concern for urgent roles.
69,CAND_0041611,maybe,maybe,good_but_logistics_risk,169.908,Staff Machine Learning Engineer,6.4,Austin,USA,"LlamaIndex, Prompt Engineering, PyTorch, Qdrant, NLP, Weaviate, GANs, BM25, Fine-tuning LLMs, OpenSearch, Sentence Transformers, Deep Learning, MLOps, pgvector",role title; 4 retrieval/search skills; 10 career IR hints; 6 production hints,low response,0.07,30.0,2025-12-03,Skills are there but low response creates friction. Worth a call but manage expectations on timeline. Response rate 7% is very low — outreach risk is high.
70,CAND_0094759,maybe,maybe,good_but_logistics_risk,167.084,Lead AI Engineer,8.6,"Mumbai, Maharashtra",India,"Prompt Engineering, scikit-learn, Hugging Face Transformers, Learning to Rank, Semantic Search, Qdrant, Fine-tuning LLMs, Agile, Vector Search, TTS, NLP, Object Detection, MLOps, FAISS",role title; 6 retrieval/search skills; 9 career IR hints; 3 production hints,low response,0.11,30.0,2026-01-08,"Interesting profile — role title; 6 retrieval/search skills; 9 career IR hints; 3 production hints. However, low response makes this conditional. Outreach OK but note low response. Response rate 11% is very low — outreach risk is high."
71,CAND_0006557,maybe,maybe,good_but_logistics_risk,164.772,NLP Engineer,7.9,"Jaipur, Rajasthan",India,"Kubeflow, Data Science, Elasticsearch, OpenSearch, LlamaIndex, OpenCV, Vector Search, Agile, Weaviate, Vue.js, FAISS, Pinecone, Hugging Face Transformers, Qdrant",role title; 8 retrieval/search skills; 6 career IR hints; 4 production hints,long notice,0.63,120.0,2026-04-10,Skills are there but long notice creates friction. Worth a call but manage expectations on timeline. 120-day notice is a significant timeline concern for urgent roles.
72,CAND_0061265,maybe,maybe,good_but_logistics_risk,159.136,Recommendation Systems Engineer,6.6,"Delhi, Delhi",India,"Qdrant, SQL, Accounting, LangChain, Learning to Rank, Vector Search, Hugging Face Transformers, QLoRA, Embeddings, Time Series, Django, Object Detection, Prompt Engineering, Computer Vision",role title; 5 retrieval/search skills; 8 career IR hints; 5 production hints,long notice,0.94,120.0,2026-03-25,Score 159.1 is mid-range. Would shortlist for screening but flag long notice upfront in the call. High response rate (94%) — good reach probability. 120-day notice is a significant timeline concern for urgent roles.
73,CAND_0007411,maybe,maybe,good_but_logistics_risk,157.328,Senior Machine Learning Engineer,8.0,"Kochi, Kerala",India,"OpenSearch, Prompt Engineering, Fine-tuning LLMs, Vector Search, Data Science, BM25, PyTorch, Information Retrieval, Pinecone, TensorFlow, Accounting, Computer Vision, Learning to Rank, Deep Learning",role title; 6 retrieval/search skills; 7 career IR hints; 5 production hints,low response,0.12,15.0,2025-12-02,Decent fit on paper. low response is a real constraint. Recruiter to probe timeline/availability before advancing. Response rate 12% is very low — outreach risk is high.
74,CAND_0010257,maybe,maybe,good_but_logistics_risk,152.168,Senior Data Scientist,6.5,"Noida, Uttar Pradesh",India,"Milvus, TensorFlow, MLflow, Python, Forecasting, OpenSearch, Qdrant, JavaScript, ASR, Machine Learning, Feature Engineering, Image Classification, Recommendation Systems, pgvector",role title; 5 retrieval/search skills; 6 career IR hints; 7 production hints,long notice,0.72,120.0,2026-05-13,Score 152.2 is mid-range. Would shortlist for screening but flag long notice upfront in the call. 120-day notice is a significant timeline concern for urgent roles.
75,CAND_0094056,maybe,maybe,good_but_logistics_risk,150.008,NLP Engineer,5.9,"Chennai, Tamil Nadu",India,"MLflow, Pinecone, Milvus, Forecasting, Data Science, Hugging Face Transformers, GANs, PEFT, BM25, LlamaIndex, SQL, Learning to Rank, Fine-tuning LLMs, Machine Learning",role title; 5 retrieval/search skills; 7 career IR hints; 3 production hints,long notice,0.82,120.0,2026-04-16,Skills are there but long notice creates friction. Worth a call but manage expectations on timeline. 120-day notice is a significant timeline concern for urgent roles.
76,CAND_0030827,maybe,maybe,good_but_logistics_risk,148.288,Senior Data Scientist,5.4,Singapore,Singapore,"Hugging Face Transformers, NLP, Recommendation Systems, FAISS, Reinforcement Learning, CSS, LlamaIndex, TTS, Qdrant, BM25, Sentence Transformers, Semantic Search, Object Detection, Learning to Rank",role title; 6 retrieval/search skills; 6 career IR hints; 3 production hints,long notice,0.52,120.0,2026-04-09,"Interesting profile — role title; 6 retrieval/search skills; 6 career IR hints; 3 production hints. However, long notice makes this conditional. Outreach OK but note long notice. 120-day notice is a significant timeline concern for urgent roles."
77,CAND_0007412,maybe,maybe,good_but_logistics_risk,147.344,Applied ML Engineer,7.4,"Noida, Uttar Pradesh",India,"Node.js, scikit-learn, Data Science, Pinecone, Milvus, PyTorch, BM25, Kubeflow, RAG, Photoshop, Object Detection, Recommendation Systems",role title; 5 retrieval/search skills; 7 career IR hints; 5 production hints,long notice,0.76,120.0,2026-04-19,Score 147.3 is mid-range. Would shortlist for screening but flag long notice upfront in the call. 120-day notice is a significant timeline concern for urgent roles.
78,CAND_0027801,maybe,maybe,good_but_logistics_risk,142.86,NLP Engineer,7.4,"Hyderabad, Telangana",India,"Time Series, FAISS, Milvus, QLoRA, Diffusion Models, TensorFlow, GANs, OpenSearch, MLOps, CNN, Vector Search, LlamaIndex, CI/CD, Learning to Rank",role title; 5 retrieval/search skills; 7 career IR hints; 3 production hints,long notice,0.65,120.0,2026-04-12,"Interesting profile — role title; 5 retrieval/search skills; 7 career IR hints; 3 production hints. However, long notice makes this conditional. Outreach OK but note long notice. 120-day notice is a significant timeline concern for urgent roles."
79,CAND_0096142,maybe,maybe,good_but_logistics_risk,139.696,Applied ML Engineer,5.0,"Hyderabad, Telangana",India,"Kubeflow, LoRA, Weaviate, Pinecone, Python, CSS, BentoML, Weights & Biases, RAG, CNN, NLP, BM25, OpenCV, Hugging Face Transformers",role title; 5 retrieval/search skills; 5 career IR hints; 5 production hints,long notice,0.84,120.0,2026-05-21,Decent fit on paper. long notice is a real constraint. Recruiter to probe timeline/availability before advancing. 120-day notice is a significant timeline concern for urgent roles.
80,CAND_0060072,maybe,not_fit,good_but_logistics_risk,137.24,Staff Machine Learning Engineer,5.7,"Indore, Madhya Pradesh",India,"Deep Learning, Sentence Transformers, PyTorch, Feature Engineering, Milvus, Fine-tuning LLMs, Next.js, BM25, Redux, Qdrant, ASR, Reinforcement Learning, Prompt Engineering, Embeddings",role title; 7 retrieval/search skills; 5 career IR hints; 3 production hints,low response,0.1,90.0,2026-01-24,Score 137.2 looks reasonable but low response is a structural red flag. Downgrading to not fit. Response rate 10% is very low — outreach risk is high. 90-day notice is a significant timeline concern for urgent roles.
81,CAND_0079064,maybe,maybe,good_but_logistics_risk,133.004,Senior Data Scientist,5.2,"Noida, Uttar Pradesh",India,"Illustrator, LlamaIndex, OpenSearch, NLP, ASR, Semantic Search, Node.js, Fine-tuning LLMs, Angular, Reinforcement Learning, Pinecone, OpenCV, QLoRA, Recommendation Systems",role title; 4 retrieval/search skills; 7 career IR hints; 2 production hints,long notice,0.91,120.0,2026-04-13,Decent fit on paper. long notice is a real constraint. Recruiter to probe timeline/availability before advancing. High response rate (91%) — good reach probability. 120-day notice is a significant timeline concern for urgent roles.
82,CAND_0089552,maybe,maybe,good_but_logistics_risk,132.556,Machine Learning Engineer,6.0,"Kolkata, West Bengal",India,"Weaviate, Image Classification, TensorFlow, Qdrant, Semantic Search, TTS, Vector Search, Fine-tuning LLMs, SAP, GANs, Time Series, Feature Engineering, Sentence Transformers, BM25",role title; 6 retrieval/search skills; 6 career IR hints; 3 production hints,long notice,0.49,120.0,2026-04-27,"Interesting profile — role title; 6 retrieval/search skills; 6 career IR hints; 3 production hints. However, long notice makes this conditional. Outreach OK but note long notice. 120-day notice is a significant timeline concern for urgent roles."
83,CAND_0009691,maybe,maybe,good_but_logistics_risk,129.816,Applied ML Engineer,6.2,"Indore, Madhya Pradesh",India,"BentoML, Prompt Engineering, Recommendation Systems, GANs, Fine-tuning LLMs, Terraform, LoRA, Pinecone, LangChain, MLflow, Sentence Transformers, QLoRA, Kubeflow, ASR",role title; 4 retrieval/search skills; 5 career IR hints; 2 production hints,long notice,0.64,120.0,2026-05-16,Score 129.8 is mid-range. Would shortlist for screening but flag long notice upfront in the call. 120-day notice is a significant timeline concern for urgent roles.
84,CAND_0066035,maybe,maybe,good_but_logistics_risk,117.496,Data Scientist,6.7,"Kolkata, West Bengal",India,"Statistical Modeling, PostgreSQL, Information Retrieval, NLP, Spark, Speech Recognition, Diffusion Models, LLMs, CNN, BM25, Feature Engineering, Learning to Rank, Sentence Transformers, Weaviate",role title; 4 retrieval/search skills; 3 career IR hints; 3 production hints,low response,0.34,45.0,2026-05-23,"Interesting profile — role title; 4 retrieval/search skills; 3 career IR hints; 3 production hints. However, low response makes this conditional. Outreach OK but note low response."
85,CAND_0013393,maybe,maybe,good_but_logistics_risk,117.252,ML Engineer,5.3,"Bangalore, Karnataka",India,"Excel, Embeddings, MLflow, Pinecone, Qdrant, Data Science, BentoML, PyTorch, Terraform, OpenSearch, Statistical Modeling, Forecasting, Reinforcement Learning, JavaScript",role title; 5 retrieval/search skills; 4 career IR hints; 3 production hints,low response,0.33,60.0,2026-03-20,"Interesting profile — role title; 5 retrieval/search skills; 4 career IR hints; 3 production hints. However, low response makes this conditional. Outreach OK but note low response."
86,CAND_0068777,maybe,maybe,good_but_logistics_risk,116.16,AI Research Engineer,6.6,"Jaipur, Rajasthan",India,"Rust, ETL, Milvus, Forecasting, YOLO, Data Science, BM25, LlamaIndex, Qdrant, BentoML, NLP, OpenCV, Apache Beam, LoRA",role title; 4 retrieval/search skills; 4 career IR hints; 4 production hints,long notice,0.4,120.0,2026-04-07,Score 116.2 is mid-range. Would shortlist for screening but flag long notice upfront in the call. 120-day notice is a significant timeline concern for urgent roles.
87,CAND_0069773,maybe,maybe,good_but_logistics_risk,115.232,AI Research Engineer,6.0,"Kochi, Kerala",India,"Kubernetes, Speech Recognition, Sentence Transformers, Diffusion Models, pgvector, Time Series, MongoDB, LLMs, Qdrant, Databricks, RAG, Feature Engineering, Learning to Rank, PowerPoint",role title; 4 retrieval/search skills; 4 career IR hints; 3 production hints,long notice; low response,0.28,120.0,2026-03-18,Decent fit on paper. long notice; low response is a real constraint. Recruiter to probe timeline/availability before advancing. 120-day notice is a significant timeline concern for urgent roles.
88,CAND_0061175,maybe,maybe,good_but_logistics_risk,115.112,AI Research Engineer,6.7,"Gurgaon, Haryana",India,"Python, Milvus, Recommendation Systems, Vector Search, LlamaIndex, Azure, MLOps, Data Science, TTS, Speech Recognition, Qdrant, Sales, Sentence Transformers",role title; 5 retrieval/search skills; 4 career IR hints; 2 production hints,long notice,0.48,120.0,2026-03-20,Decent fit on paper. long notice is a real constraint. Recruiter to probe timeline/availability before advancing. 120-day notice is a significant timeline concern for urgent roles.
89,CAND_0028838,maybe,maybe,services_only_risk,112.62,Data Scientist,3.1,"Hyderabad, Telangana",India,"Data Science, Object Detection, Learning to Rank, Elasticsearch, CNN, LangChain, ETL, BM25, Vector Search, TensorFlow, Microservices, Recommendation Systems, Weaviate, Kubeflow",role title; 6 retrieval/search skills; 4 career IR hints; 2 production hints,services-only career,0.55,30.0,2026-03-30,Score 112.6 is mid-range. Would shortlist for screening but flag services-only career upfront in the call.
90,CAND_0005610,maybe,not_fit,services_only_risk,92.928,Project Manager,5.3,"Kolkata, West Bengal",India,"AWS, REST APIs, JavaScript, TypeScript, SEO, Marketing, Embeddings, Information Retrieval, RAG, Fine-tuning LLMs, Vector Search, FAISS, LLMs, Pinecone",7 retrieval/search skills; 1 career IR hints; 3 production hints,services-only career; low response,0.12,90.0,2025-10-28,Overriding 'maybe'. services-only career; low response is a hard blocker here that the model may have underweighted. Marking not fit. Response rate 12% is very low — outreach risk is high. 90-day notice is a significant timeline concern for urgent roles.
91,CAND_0019200,maybe,not_fit,services_only_risk,91.304,AI Research Engineer,7.0,"Chennai, Tamil Nadu",India,"Forecasting, BentoML, BM25, TTS, FAISS, OpenSearch, Hugging Face Transformers, Learning to Rank, BigQuery, Semantic Search, Object Detection, Time Series",role title; 5 retrieval/search skills; 1 career IR hints; 3 production hints,services-only career,0.66,90.0,2026-02-20,Overriding 'maybe'. services-only career is a hard blocker here that the model may have underweighted. Marking not fit. 90-day notice is a significant timeline concern for urgent roles.
92,CAND_0088027,maybe,not_fit,services_only_risk,89.06,Business Analyst,3.5,San Francisco,USA,"TypeScript, HTML, Accounting, Tailwind, Go, GCP, Content Writing, SEO, Terraform, Fine-tuning LLMs, RAG, Vector Search, LangChain, Recommendation Systems",7 retrieval/search skills; 1 career IR hints; 4 production hints,services-only career,0.65,60.0,2026-04-16,Score 89.1 looks reasonable but services-only career is a structural red flag. Downgrading to not fit.
93,CAND_0024947,maybe,not_fit,services_only_risk,86.076,AI Research Engineer,6.1,"Trivandrum, Kerala",India,"YOLO, Milvus, Hugging Face Transformers, Information Retrieval, Kubeflow, Python, OpenSearch, MongoDB, QLoRA, LoRA, Time Series, ASR, Image Classification, Feature Engineering",role title; 4 retrieval/search skills; 1 career IR hints; 1 production hints,services-only career,0.79,30.0,2026-03-17,Overriding 'maybe'. services-only career is a hard blocker here that the model may have underweighted. Marking not fit.
94,CAND_0058791,maybe,not_fit,services_only_risk,84.804,AI Research Engineer,4.1,"Kolkata, West Bengal",India,"LoRA, Weaviate, Fine-tuning LLMs, ASR, Qdrant, OpenCV, RAG, Statistical Modeling, React, NLP, Embeddings, Kubeflow, MLflow, Diffusion Models",role title; 5 retrieval/search skills; 1 career IR hints; 1 production hints,services-only career,0.41,60.0,2026-05-18,Overriding 'maybe'. services-only career is a hard blocker here that the model may have underweighted. Marking not fit.
95,CAND_0090813,maybe,not_fit,services_only_risk,84.548,Mechanical Engineer,2.5,Sydney,Australia,"Django, BigQuery, Illustrator, React, Tailwind, Airflow, Scrum, Information Retrieval, Embeddings, LLMs, Recommendation Systems, Prompt Engineering, Vector Search, Hugging Face Transformers",7 retrieval/search skills; 1 career IR hints; 3 production hints,services-only career; low response,0.17,60.0,2026-01-10,Overriding 'maybe'. services-only career; low response is a hard blocker here that the model may have underweighted. Marking not fit. Response rate 17% is very low — outreach risk is high.
96,CAND_0088753,maybe,not_fit,services_only_risk,81.576,Business Analyst,6.8,"Pune, Maharashtra",India,"Spring Boot, AWS, Django, Kafka, FastAPI, ETL, LLMs, Prompt Engineering, LangChain, RAG, Vector Search, Recommendation Systems, FAISS, Fine-tuning LLMs",5 retrieval/search skills; 1 career IR hints; 5 production hints,services-only career,0.54,60.0,2025-10-16,Overriding 'maybe'. services-only career is a hard blocker here that the model may have underweighted. Marking not fit.
97,CAND_0091712,maybe,not_fit,services_only_risk,81.208,Data Scientist,4.8,"Delhi, Delhi",India,"PEFT, TTS, Information Retrieval, Recommendation Systems, ASR, Statistical Modeling, Image Classification, Forecasting, Sales, scikit-learn, Prompt Engineering, Sentence Transformers, LoRA",role title; 2 retrieval/search skills; 3 career IR hints; 2 production hints,services-only career; low response,0.32,45.0,2026-05-24,Overriding 'maybe'. services-only career; low response is a hard blocker here that the model may have underweighted. Marking not fit.
98,CAND_0031225,maybe,not_fit,services_only_risk,79.944,Mechanical Engineer,4.9,"Jaipur, Rajasthan",India,"Tailwind, AWS, Object Detection, Next.js, Docker, Apache Beam, RAG, Prompt Engineering, Fine-tuning LLMs, Semantic Search, Information Retrieval, Hugging Face Transformers, Vector Search, Recommendation Systems",5 retrieval/search skills; 1 career IR hints; 4 production hints,services-only career,0.76,90.0,2025-10-26,Score 79.9 looks reasonable but services-only career is a structural red flag. Downgrading to not fit. 90-day notice is a significant timeline concern for urgent roles.
99,CAND_0065835,maybe,not_fit,services_only_risk,78.452,Junior ML Engineer,3.3,"Chennai, Tamil Nadu",India,"Time Series, Weights & Biases, TensorFlow, MLOps, Data Science, LoRA, Feature Engineering, MLflow, FAISS, Speech Recognition, Airflow, RAG",role title; 2 retrieval/search skills; 3 career IR hints; 2 production hints,services-only career,0.83,60.0,2026-03-24,Overriding 'maybe'. services-only career is a hard blocker here that the model may have underweighted. Marking not fit.
100,CAND_0059504,maybe,not_fit,services_only_risk,78.252,Junior ML Engineer,3.3,Berlin,Germany,"Vector Search, Machine Learning, CNN, YOLO, MLflow, Information Retrieval, Weights & Biases, Time Series, Hadoop, Vue.js, Azure, Qdrant, Sales, Object Detection",role title; 4 retrieval/search skills; 2 production hints,services-only career,0.83,30.0,2026-03-02,Score 78.3 looks reasonable but services-only career is a structural red flag. Downgrading to not fit.
101,CAND_0099049,maybe,not_fit,services_only_risk,78.184,Mechanical Engineer,9.7,Austin,USA,"Kafka, CNN, gRPC, Apache Beam, Vue.js, Spring Boot, Data Pipelines, Project Management, Apache Flink, Vector Search, Fine-tuning LLMs, FAISS, LLMs, Semantic Search",5 retrieval/search skills; 1 career IR hints; 4 production hints,services-only career,0.36,90.0,2025-10-17,Score 78.2 looks reasonable but services-only career is a structural red flag. Downgrading to not fit. 90-day notice is a significant timeline concern for urgent roles.
102,CAND_0067514,maybe,not_fit,services_only_risk,78.064,Mechanical Engineer,4.6,New York,USA,"Vue.js, CSS, Java, Next.js, Kubeflow, Django, Rust, LangChain, Sentence Transformers, FAISS, Pinecone, Embeddings, LLMs, Fine-tuning LLMs",6 retrieval/search skills; 1 career IR hints; 4 production hints,services-only career,0.56,90.0,2026-01-09,Score 78.1 looks reasonable but services-only career is a structural red flag. Downgrading to not fit. 90-day notice is a significant timeline concern for urgent roles.
103,CAND_0018742,maybe,not_fit,services_only_risk,77.584,Mechanical Engineer,1.6,Austin,USA,"Sales, Apache Flink, Docker, BigQuery, REST APIs, ETL, Agile, Vector Search, LangChain, FAISS, Information Retrieval, Recommendation Systems, Pinecone, LLMs",6 retrieval/search skills; 1 career IR hints; 3 production hints,services-only career; long notice,0.36,150.0,2026-05-24,Score 77.6 looks reasonable but services-only career; long notice is a structural red flag. Downgrading to not fit. 150-day notice is a significant timeline concern for urgent roles.
104,CAND_0005972,maybe,not_fit,services_only_risk,77.324,Graphic Designer,8.9,"Bangalore, Karnataka",India,"Node.js, JavaScript, Snowflake, Figma, Spark, Microservices, Redux, Databricks, Image Classification, SAP, BigQuery, Information Retrieval, Sentence Transformers, Recommendation Systems",5 retrieval/search skills; 5 production hints,services-only career,0.71,60.0,2026-04-10,Overriding 'maybe'. services-only career is a hard blocker here that the model may have underweighted. Marking not fit.
105,CAND_0068160,maybe,not_fit,services_only_risk,76.792,Mechanical Engineer,7.2,"Gurgaon, Haryana",India,"Project Management, Go, Scrum, AWS, dbt, GCP, MLOps, Agile, Node.js, Sentence Transformers, Semantic Search, LLMs, Pinecone, Vector Search",4 retrieval/search skills; 1 career IR hints; 5 production hints,services-only career,0.68,60.0,2026-05-18,Overriding 'maybe'. services-only career is a hard blocker here that the model may have underweighted. Marking not fit.
106,CAND_0082618,maybe,not_fit,services_only_risk,75.872,Data Scientist,3.7,"Vizag, Andhra Pradesh",India,"Feature Engineering, Information Retrieval, Vector Search, BentoML, Recommendation Systems, ASR, Apache Beam, LLMs, PyTorch, MLflow, Qdrant",role title; 4 retrieval/search skills; 2 production hints,services-only career,0.38,30.0,2026-04-22,Score 75.9 looks reasonable but services-only career is a structural red flag. Downgrading to not fit.
107,CAND_0080683,maybe,not_fit,services_only_risk,73.792,Business Analyst,2.7,"Mumbai, Maharashtra",India,"SQL, Data Science, Flask, Data Pipelines, Illustrator, Kafka, Redis, Marketing, Angular, PowerPoint, TypeScript, Vector Search, Embeddings, Prompt Engineering",6 retrieval/search skills; 1 career IR hints; 3 production hints,services-only career,0.68,90.0,2026-02-01,Score 73.8 looks reasonable but services-only career is a structural red flag. Downgrading to not fit. 90-day notice is a significant timeline concern for urgent roles.
108,CAND_0096408,maybe,not_fit,services_only_risk,72.052,Project Manager,4.6,Sydney,Australia,"gRPC, Photoshop, Redux, MongoDB, Agile, Project Management, Recommendation Systems, LangChain, Sentence Transformers, Embeddings, Semantic Search, FAISS, LLMs, Pinecone",5 retrieval/search skills; 1 career IR hints; 4 production hints,services-only career; low response,0.33,90.0,2026-05-02,Overriding 'maybe'. services-only career; low response is a hard blocker here that the model may have underweighted. Marking not fit. 90-day notice is a significant timeline concern for urgent roles.
109,CAND_0079888,not_fit,not_fit,cv_speech_mismatch,66.296,Junior ML Engineer,4.3,"Gurgaon, Haryana",India,"PEFT, OpenCV, Python, Computer Vision, LangChain, MLOps, BentoML, Image Classification, CSS, pgvector, Kubeflow, ASR, MLflow, Information Retrieval",role title; 2 retrieval/search skills; 3 production hints,"CV/speech-heavy, weak IR",0.84,90.0,2026-05-09,"Score 66.3 reflects surface-level match only. CV/speech-heavy, weak IR. No further action. 90-day notice is a significant timeline concern for urgent roles."
110,CAND_0010408,not_fit,not_fit,cv_speech_mismatch,62.384,Junior ML Engineer,5.7,"Coimbatore, Tamil Nadu",India,"Kubeflow, TTS, Deep Learning, Hugging Face Transformers, Azure, Computer Vision, TensorFlow, Redux, Image Classification, Learning to Rank, Milvus, ASR, LlamaIndex, LangChain",role title; 2 retrieval/search skills; 3 production hints,"CV/speech-heavy, weak IR",0.36,60.0,2026-04-01,"Title/skill mismatch too significant. CV/speech-heavy, weak IR. Archived."
111,CAND_0046098,not_fit,not_fit,cv_speech_mismatch,55.088,Analytics Engineer,6.4,"Indore, Madhya Pradesh",India,"OpenCV, Diffusion Models, Tailwind, Statistical Modeling, Information Retrieval, pgvector, Embeddings, Project Management, TTS, YOLO, BentoML, Image Classification, TypeScript, REST APIs",2 retrieval/search skills; 7 production hints,"CV/speech-heavy, weak IR",0.52,90.0,2026-05-01,"Bucket 'cv_speech_mismatch' holds. CV/speech-heavy, weak IR is disqualifying for this role. Not advancing. 90-day notice is a significant timeline concern for urgent roles."
112,CAND_0001989,not_fit,not_fit,cv_speech_mismatch,51.856,Analytics Engineer,5.9,Singapore,Singapore,"Azure, Speech Recognition, Semantic Search, Python, MLOps, TTS, Databricks, LlamaIndex, Docker, Image Classification, Project Management, Weights & Biases, Computer Vision, Reinforcement Learning",2 retrieval/search skills; 6 production hints,"CV/speech-heavy, weak IR; low response",0.24,90.0,2026-04-23,"Title/skill mismatch too significant. CV/speech-heavy, weak IR; low response. Archived. Response rate 24% is very low — outreach risk is high. 90-day notice is a significant timeline concern for urgent roles."
113,CAND_0022507,not_fit,not_fit,cv_speech_mismatch,51.768,Data Engineer,7.3,"Chennai, Tamil Nadu",India,"Tally, JavaScript, LangChain, YOLO, SQL, Object Detection, Haystack, OpenSearch, Sales, BentoML, ASR, Weights & Biases, Time Series, REST APIs",2 retrieval/search skills; 5 production hints,"CV/speech-heavy, weak IR; low response",0.22,90.0,2026-03-07,"Confirmed not fit. CV/speech-heavy, weak IR; low response — 2 retrieval/search skills; 5 production hints doesn't overcome this. Pass. Response rate 22% is very low — outreach risk is high. 90-day notice is a significant timeline concern for urgent roles."
114,CAND_0053001,not_fit,not_fit,cv_speech_mismatch,51.612,Software Engineer,6.6,"Kolkata, West Bengal",India,"Go, Information Retrieval, Time Series, AWS, LoRA, MLOps, Computer Vision, Python, HTML, Feature Engineering, ASR, Scrum, YOLO, Java",2 retrieval/search skills; 5 production hints,"CV/speech-heavy, weak IR",0.73,90.0,2026-02-02,"Score 51.6 reflects surface-level match only. CV/speech-heavy, weak IR. No further action. 90-day notice is a significant timeline concern for urgent roles."
115,CAND_0097231,not_fit,not_fit,cv_speech_mismatch,51.144,Senior Data Engineer,5.3,San Francisco,USA,"Computer Vision, PEFT, Diffusion Models, OpenCV, Six Sigma, JavaScript, ASR, SAP, Databricks, Weights & Biases, PostgreSQL, SEO, Learning to Rank, Agile",1 retrieval/search skills; 6 production hints,"CV/speech-heavy, weak IR",0.76,90.0,2026-04-25,"Bucket 'cv_speech_mismatch' holds. CV/speech-heavy, weak IR is disqualifying for this role. Not advancing. 90-day notice is a significant timeline concern for urgent roles."
116,CAND_0021636,not_fit,not_fit,cv_speech_mismatch,50.82,Software Engineer,6.6,"Indore, Madhya Pradesh",India,"Tally, Accounting, YOLO, TTS, Agile, Six Sigma, OpenCV, Haystack, gRPC, TensorFlow, OpenSearch, Diffusion Models, Data Science, Speech Recognition",2 retrieval/search skills; 6 production hints,"CV/speech-heavy, weak IR",0.55,90.0,2026-02-25,"Confirmed not fit. CV/speech-heavy, weak IR — 2 retrieval/search skills; 6 production hints doesn't overcome this. Pass. 90-day notice is a significant timeline concern for urgent roles."
117,CAND_0094260,not_fit,not_fit,cv_speech_mismatch,48.788,Software Engineer,7.5,"Hyderabad, Telangana",India,"ASR, Rust, TensorFlow, Kubernetes, TTS, Microservices, Recommendation Systems, BentoML, Object Detection, YOLO, Time Series, PyTorch, LLMs, Kafka",1 retrieval/search skills; 7 production hints,"CV/speech-heavy, weak IR; long notice",0.77,120.0,2026-03-20,"Score 48.8 reflects surface-level match only. CV/speech-heavy, weak IR; long notice. No further action. 120-day notice is a significant timeline concern for urgent roles."
118,CAND_0099549,not_fit,not_fit,cv_speech_mismatch,48.776,Junior ML Engineer,4.3,"Bhubaneswar, Odisha",India,"Computer Vision, TTS, gRPC, BentoML, YOLO, Speech Recognition, Forecasting, MLflow, LangChain, Haystack, QLoRA, Reinforcement Learning, BM25",role title; 1 retrieval/search skills; 3 production hints,"CV/speech-heavy, weak IR",0.54,30.0,2026-02-26,"Bucket 'cv_speech_mismatch' holds. CV/speech-heavy, weak IR is disqualifying for this role. Not advancing."
119,CAND_0066855,not_fit,not_fit,cv_speech_mismatch,48.688,Software Engineer,7.5,"Chandigarh, Chandigarh",India,"Object Detection, Snowflake, ASR, Haystack, Recommendation Systems, Computer Vision, Excel, Kafka, Image Classification, Hadoop, Data Science, Photoshop, Python, PyTorch",2 retrieval/search skills; 6 production hints,"CV/speech-heavy, weak IR",0.52,90.0,2026-03-13,"Bucket 'cv_speech_mismatch' holds. CV/speech-heavy, weak IR is disqualifying for this role. Not advancing. 90-day notice is a significant timeline concern for urgent roles."
120,CAND_0037966,not_fit,not_fit,cv_speech_mismatch,47.928,Senior Software Engineer,7.9,"Chandigarh, Chandigarh",India,"Image Classification, Object Detection, pgvector, Kubernetes, CNN, BM25, Salesforce CRM, Tailwind, Fine-tuning LLMs, GANs, Feature Engineering, Computer Vision, ASR, Microservices",2 retrieval/search skills; 7 production hints,"CV/speech-heavy, weak IR",0.62,60.0,2026-04-22,"Score 47.9 reflects surface-level match only. CV/speech-heavy, weak IR. No further action."
121,CAND_0069637,not_fit,not_fit,cv_speech_mismatch,47.752,Data Analyst,6.3,"Bhubaneswar, Odisha",India,"pgvector, TTS, Pinecone, JavaScript, gRPC, Time Series, Photoshop, Accounting, Go, Image Classification, Speech Recognition, ETL, Vue.js, CNN",2 retrieval/search skills; 7 production hints,"CV/speech-heavy, weak IR",0.58,30.0,2026-01-26,"Bucket 'cv_speech_mismatch' holds. CV/speech-heavy, weak IR is disqualifying for this role. Not advancing."
122,CAND_0032532,not_fit,not_fit,cv_speech_mismatch,47.676,Analytics Engineer,6.7,"Kochi, Kerala",India,"REST APIs, ASR, MongoDB, RAG, Vector Search, pgvector, PowerPoint, Next.js, OpenCV, TTS, SQL, Statistical Modeling, NLP, MLflow",2 retrieval/search skills; 6 production hints,"CV/speech-heavy, weak IR; low response",0.29,90.0,2026-05-18,"Confirmed not fit. CV/speech-heavy, weak IR; low response — 2 retrieval/search skills; 6 production hints doesn't overcome this. Pass. 90-day notice is a significant timeline concern for urgent roles."
123,CAND_0049831,not_fit,not_fit,cv_speech_mismatch,46.892,Computer Vision Engineer,5.4,San Francisco,USA,"LLMs, Kubernetes, Time Series, Image Classification, Feature Engineering, OpenCV, YOLO, LangChain, NLP, CSS, Speech Recognition, Agile, LoRA, BM25",2 retrieval/search skills; 4 production hints,"CV/speech-heavy, weak IR",0.43,45.0,2026-04-10,"Score 46.9 reflects surface-level match only. CV/speech-heavy, weak IR. No further action."
124,CAND_0075318,not_fit,not_fit,keyword_trap,104.084,Operations Manager,9.0,"Noida, Uttar Pradesh",India,"MongoDB, Databricks, Spark, Weights & Biases, Project Management, Illustrator, Six Sigma, SEO, Marketing, Java, LLMs, RAG, Hugging Face Transformers, Vector Search",8 retrieval/search skills; 1 career IR hints; 5 production hints,keyword/title mismatch; long notice,0.61,120.0,2026-05-10,Title/skill mismatch too significant. keyword/title mismatch; long notice. Archived. 120-day notice is a significant timeline concern for urgent roles.
125,CAND_0058340,not_fit,not_fit,keyword_trap,96.18,Sales Executive,8.2,"Trivandrum, Kerala",India,"Redux, Azure, Figma, JavaScript, gRPC, Terraform, Docker, Image Classification, Vector Search, Pinecone, Semantic Search, RAG, Fine-tuning LLMs, Information Retrieval",8 retrieval/search skills; 1 career IR hints; 4 production hints,keyword/title mismatch,0.45,30.0,2026-04-10,Confirmed not fit. keyword/title mismatch — 8 retrieval/search skills; 1 career IR hints; 4 production hints doesn't overcome this. Pass.
126,CAND_0049836,not_fit,not_fit,keyword_trap,95.88,Marketing Manager,7.7,"Chennai, Tamil Nadu",India,"GCP, MLflow, Angular, SEO, Content Writing, Tally, Snowflake, Pinecone, Prompt Engineering, Recommendation Systems, RAG, Semantic Search, FAISS, LLMs",7 retrieval/search skills; 1 career IR hints; 6 production hints,keyword/title mismatch,0.7,60.0,2026-03-06,Confirmed not fit. keyword/title mismatch — 7 retrieval/search skills; 1 career IR hints; 6 production hints doesn't overcome this. Pass.
127,CAND_0069922,not_fit,not_fit,keyword_trap,95.748,HR Manager,6.2,Singapore,Singapore,"Azure, Microservices, Six Sigma, gRPC, Photoshop, Redux, Accounting, Weights & Biases, JavaScript, Databricks, TypeScript, Semantic Search, Pinecone, Recommendation Systems",7 retrieval/search skills; 1 career IR hints; 5 production hints,keyword/title mismatch,0.67,90.0,2026-02-24,Score 95.7 reflects surface-level match only. keyword/title mismatch. No further action. 90-day notice is a significant timeline concern for urgent roles.
128,CAND_0013085,not_fit,not_fit,keyword_trap,95.732,Marketing Manager,8.1,"Chennai, Tamil Nadu",India,"Webpack, Figma, ETL, Django, Six Sigma, Apache Beam, Accounting, Microservices, CSS, Recommendation Systems, Semantic Search, Pinecone, Hugging Face Transformers, LangChain",8 retrieval/search skills; 1 career IR hints; 4 production hints,keyword/title mismatch,0.53,90.0,2025-09-30,Score 95.7 reflects surface-level match only. keyword/title mismatch. No further action. 90-day notice is a significant timeline concern for urgent roles.
129,CAND_0018277,not_fit,not_fit,keyword_trap,95.352,Marketing Manager,8.7,"Kolkata, West Bengal",India,"dbt, Airflow, Accounting, Databricks, Terraform, Scrum, Django, BentoML, PostgreSQL, REST APIs, FAISS, Vector Search, Recommendation Systems, Information Retrieval",8 retrieval/search skills; 1 career IR hints; 5 production hints,keyword/title mismatch; long notice; low response,0.08,150.0,2025-11-26,Bucket 'keyword_trap' holds. keyword/title mismatch; long notice; low response is disqualifying for this role. Not advancing. Response rate 8% is very low — outreach risk is high. 150-day notice is a significant timeline concern for urgent roles.
130,CAND_0066395,not_fit,not_fit,keyword_trap,95.064,Sales Executive,6.7,"Pune, Maharashtra",India,"Speech Recognition, Six Sigma, Next.js, CSS, Node.js, gRPC, REST APIs, Angular, SEO, Salesforce CRM, Redis, Vector Search, Prompt Engineering, LLMs",8 retrieval/search skills; 1 career IR hints; 5 production hints,keyword/title mismatch,0.56,30.0,2026-01-23,Confirmed not fit. keyword/title mismatch — 8 retrieval/search skills; 1 career IR hints; 5 production hints doesn't overcome this. Pass.
131,CAND_0086087,not_fit,not_fit,keyword_trap,94.728,Accountant,9.4,"Chennai, Tamil Nadu",India,"Databricks, Redis, Salesforce CRM, FastAPI, SQL, Six Sigma, LLMs, Semantic Search, Embeddings, Vector Search, Information Retrieval, Pinecone, Prompt Engineering, RAG",8 retrieval/search skills; 1 career IR hints; 5 production hints,keyword/title mismatch,0.62,30.0,2026-01-25,Bucket 'keyword_trap' holds. keyword/title mismatch is disqualifying for this role. Not advancing.
132,CAND_0035530,not_fit,not_fit,keyword_trap,94.58,Civil Engineer,10.8,"Gurgaon, Haryana",India,"MLflow, Angular, GraphQL, Django, Project Management, Docker, RAG, LangChain, Information Retrieval, Recommendation Systems, Prompt Engineering, Embeddings, Vector Search, FAISS",8 retrieval/search skills; 5 production hints,keyword/title mismatch,0.45,90.0,2025-10-16,Confirmed not fit. keyword/title mismatch — 8 retrieval/search skills; 5 production hints doesn't overcome this. Pass. 90-day notice is a significant timeline concern for urgent roles.
133,CAND_0025577,not_fit,not_fit,keyword_trap,93.472,Graphic Designer,11.5,"Gurgaon, Haryana",India,"MLflow, GCP, Airflow, Accounting, Sales, Marketing, Terraform, Apache Flink, Snowflake, ETL, AWS, Vector Search, LangChain, Information Retrieval",7 retrieval/search skills; 1 career IR hints; 5 production hints,keyword/title mismatch; long notice,0.38,120.0,2026-03-12,Confirmed not fit. keyword/title mismatch; long notice — 7 retrieval/search skills; 1 career IR hints; 5 production hints doesn't overcome this. Pass. 120-day notice is a significant timeline concern for urgent roles.
134,CAND_0064746,not_fit,not_fit,keyword_trap,93.356,Graphic Designer,10.9,"Jaipur, Rajasthan",India,"ETL, Java, MongoDB, Sales, Angular, REST APIs, Webpack, Django, MLflow, Vector Search, Hugging Face Transformers, Recommendation Systems, FAISS, Semantic Search",8 retrieval/search skills; 1 career IR hints; 4 production hints,keyword/title mismatch; long notice,0.49,120.0,2025-10-30,Title/skill mismatch too significant. keyword/title mismatch; long notice. Archived. 120-day notice is a significant timeline concern for urgent roles.
135,CAND_0024289,not_fit,not_fit,keyword_trap,92.892,Operations Manager,7.1,Sydney,Australia,"Spring Boot, AWS, Hadoop, Kubernetes, Django, Project Management, Illustrator, TypeScript, BigQuery, Pinecone, Vector Search, Information Retrieval, FAISS, Embeddings",8 retrieval/search skills; 1 career IR hints; 4 production hints,keyword/title mismatch; long notice,0.43,120.0,2026-01-15,Confirmed not fit. keyword/title mismatch; long notice — 8 retrieval/search skills; 1 career IR hints; 4 production hints doesn't overcome this. Pass. 120-day notice is a significant timeline concern for urgent roles.
136,CAND_0012985,not_fit,not_fit,keyword_trap,92.608,HR Manager,10.1,"Jaipur, Rajasthan",India,"Vue.js, AWS, Go, Node.js, Rust, Databricks, Kubeflow, Pinecone, LLMs, Information Retrieval, Embeddings, Recommendation Systems, Sentence Transformers, Semantic Search",8 retrieval/search skills; 1 career IR hints; 5 production hints,keyword/title mismatch; low response,0.32,90.0,2025-11-09,Bucket 'keyword_trap' holds. keyword/title mismatch; low response is disqualifying for this role. Not advancing. 90-day notice is a significant timeline concern for urgent roles.
137,CAND_0054845,not_fit,not_fit,keyword_trap,91.972,Accountant,7.5,"Kochi, Kerala",India,"AWS, Hadoop, SEO, Next.js, Illustrator, JavaScript, Angular, Hugging Face Transformers, Semantic Search, Fine-tuning LLMs, LLMs, Pinecone, Vector Search, FAISS",7 retrieval/search skills; 1 career IR hints; 5 production hints,keyword/title mismatch,0.63,60.0,2025-12-22,Bucket 'keyword_trap' holds. keyword/title mismatch is disqualifying for this role. Not advancing.
138,CAND_0058327,not_fit,not_fit,keyword_trap,91.968,Customer Support,10.0,"Delhi, Delhi",India,"Reinforcement Learning, Apache Beam, React, Databricks, Azure, Kubernetes, Apache Flink, Project Management, Docker, Django, CSS, Vector Search, Information Retrieval, Pinecone",8 retrieval/search skills; 1 career IR hints; 5 production hints,keyword/title mismatch; long notice,0.72,150.0,2026-05-20,Title/skill mismatch too significant. keyword/title mismatch; long notice. Archived. 150-day notice is a significant timeline concern for urgent roles.
139,CAND_0004985,not_fit,not_fit,keyword_trap,91.704,Sales Executive,6.3,"Kolkata, West Bengal",India,"Vue.js, Data Pipelines, CSS, Excel, Kafka, Docker, Snowflake, Apache Flink, Sales, Tally, Semantic Search, Fine-tuning LLMs, Hugging Face Transformers, Pinecone",7 retrieval/search skills; 1 career IR hints; 5 production hints,keyword/title mismatch,0.66,90.0,2026-01-25,Bucket 'keyword_trap' holds. keyword/title mismatch is disqualifying for this role. Not advancing. 90-day notice is a significant timeline concern for urgent roles.
140,CAND_0094686,not_fit,not_fit,keyword_trap,91.7,Business Analyst,6.7,"Bhubaneswar, Odisha",India,"SAP, Airflow, Tally, PostgreSQL, BentoML, Data Pipelines, Pinecone, Recommendation Systems, Semantic Search, LangChain, Prompt Engineering, Fine-tuning LLMs, Embeddings, Information Retrieval",8 retrieval/search skills; 5 production hints,keyword/title mismatch; long notice,0.75,120.0,2026-05-01,Score 91.7 reflects surface-level match only. keyword/title mismatch; long notice. No further action. 120-day notice is a significant timeline concern for urgent roles.
141,CAND_0003895,not_fit,not_fit,keyword_trap,91.652,Accountant,8.4,Toronto,Canada,"Six Sigma, AWS, Vue.js, Java, Microservices, Airflow, Content Writing, LangChain, Vector Search, Semantic Search, FAISS, Hugging Face Transformers, Prompt Engineering, Information Retrieval",8 retrieval/search skills; 1 career IR hints; 4 production hints,keyword/title mismatch; low response,0.33,60.0,2026-05-20,Title/skill mismatch too significant. keyword/title mismatch; low response. Archived.
142,CAND_0038827,not_fit,not_fit,keyword_trap,91.64,Marketing Manager,10.2,"Noida, Uttar Pradesh",India,"Six Sigma, Go, Project Management, Microservices, Java, Django, Sentence Transformers, LLMs, Semantic Search, Embeddings, RAG, Recommendation Systems, FAISS, Fine-tuning LLMs",7 retrieval/search skills; 1 career IR hints; 6 production hints,keyword/title mismatch,0.6,60.0,2025-12-16,Bucket 'keyword_trap' holds. keyword/title mismatch is disqualifying for this role. Not advancing.
143,CAND_0002623,not_fit,not_fit,keyword_trap,91.392,HR Manager,7.9,"Kochi, Kerala",India,"Accounting, Apache Flink, Java, Apache Beam, REST APIs, FAISS, Fine-tuning LLMs, RAG, Embeddings, Vector Search, Recommendation Systems, Semantic Search, Pinecone, LangChain",8 retrieval/search skills; 1 career IR hints; 4 production hints,keyword/title mismatch; low response,0.18,30.0,2026-01-17,Bucket 'keyword_trap' holds. keyword/title mismatch; low response is disqualifying for this role. Not advancing. Response rate 18% is very low — outreach risk is high.
144,CAND_0041569,not_fit,not_fit,keyword_trap,91.084,Graphic Designer,6.8,"Bhubaneswar, Odisha",India,"Microservices, Apache Beam, MongoDB, MLOps, Project Management, React, Six Sigma, Terraform, BigQuery, Information Retrieval, Prompt Engineering, Sentence Transformers, LangChain, Hugging Face Transformers",8 retrieval/search skills; 1 career IR hints; 4 production hints,keyword/title mismatch; low response,0.11,30.0,2026-02-17,Score 91.1 reflects surface-level match only. keyword/title mismatch; low response. No further action. Response rate 11% is very low — outreach risk is high.
145,CAND_0042282,not_fit,not_fit,keyword_trap,90.9,Sales Executive,11.0,"Trivandrum, Kerala",India,"Tally, Redis, Angular, Image Classification, REST APIs, Flask, Six Sigma, Hugging Face Transformers, Embeddings, FAISS, RAG, LangChain, Vector Search, Information Retrieval",8 retrieval/search skills; 1 career IR hints; 5 production hints,keyword/title mismatch,0.75,90.0,2025-11-25,Title/skill mismatch too significant. keyword/title mismatch. Archived. 90-day notice is a significant timeline concern for urgent roles.
146,CAND_0086738,not_fit,not_fit,keyword_trap,90.756,Marketing Manager,11.9,London,UK,"SQL, Docker, Redis, Figma, MongoDB, Time Series, Scrum, Semantic Search, Recommendation Systems, Fine-tuning LLMs, Information Retrieval, Sentence Transformers, FAISS, Pinecone",7 retrieval/search skills; 1 career IR hints; 6 production hints,keyword/title mismatch,0.49,60.0,2026-02-07,Score 90.8 reflects surface-level match only. keyword/title mismatch. No further action.
147,CAND_0085263,not_fit,not_fit,keyword_trap,90.652,Civil Engineer,6.0,Singapore,Singapore,"gRPC, Angular, Redux, Go, Flask, Information Retrieval, Vector Search, Recommendation Systems, Fine-tuning LLMs, Embeddings, RAG, Prompt Engineering, FAISS, Semantic Search",8 retrieval/search skills; 5 production hints,keyword/title mismatch; low response,0.33,30.0,2025-10-11,Title/skill mismatch too significant. keyword/title mismatch; low response. Archived.
148,CAND_0070316,not_fit,not_fit,keyword_trap,90.596,Accountant,7.0,Austin,USA,"Node.js, HTML, Apache Beam, Sales, Agile, Go, Semantic Search, FAISS, Recommendation Systems, Pinecone, Hugging Face Transformers, Embeddings, Vector Search, Information Retrieval",7 retrieval/search skills; 1 career IR hints; 6 production hints,keyword/title mismatch; long notice,0.59,150.0,2026-03-19,Title/skill mismatch too significant. keyword/title mismatch; long notice. Archived. 150-day notice is a significant timeline concern for urgent roles.
149,CAND_0075486,not_fit,not_fit,keyword_trap,90.588,Graphic Designer,5.1,"Kolkata, West Bengal",India,"Figma, Hadoop, React, CI/CD, Data Science, gRPC, Redux, PowerPoint, Redis, MongoDB, Information Retrieval, Vector Search, LangChain, LLMs",8 retrieval/search skills; 1 career IR hints; 4 production hints,keyword/title mismatch; long notice; low response,0.27,120.0,2026-05-03,Confirmed not fit. keyword/title mismatch; long notice; low response — 8 retrieval/search skills; 1 career IR hints; 4 production hints doesn't overcome this. Pass. 120-day notice is a significant timeline concern for urgent roles.
150,CAND_0012411,not_fit,not_fit,keyword_trap,90.444,Content Writer,6.0,"Indore, Madhya Pradesh",India,"Django, Illustrator, Flask, Tailwind, gRPC, Node.js, PowerPoint, Kafka, SAP, Sales, Semantic Search, Information Retrieval, Pinecone, Recommendation Systems",8 retrieval/search skills; 1 career IR hints; 4 production hints,keyword/title mismatch,0.51,60.0,2026-03-05,Bucket 'keyword_trap' holds. keyword/title mismatch is disqualifying for this role. Not advancing.
151,CAND_0016180,not_fit,not_fit,keyword_trap,90.256,Marketing Manager,11.3,"Trivandrum, Kerala",India,"Agile, JavaScript, GANs, CI/CD, Salesforce CRM, React, Spring Boot, HTML, FAISS, Vector Search, Sentence Transformers, Embeddings, Recommendation Systems, Pinecone",8 retrieval/search skills; 1 career IR hints; 5 production hints,keyword/title mismatch; low response,0.24,90.0,2025-11-26,Bucket 'keyword_trap' holds. keyword/title mismatch; low response is disqualifying for this role. Not advancing. Response rate 24% is very low — outreach risk is high. 90-day notice is a significant timeline concern for urgent roles.
152,CAND_0096206,not_fit,not_fit,keyword_trap,89.62,Operations Manager,10.7,"Bhubaneswar, Odisha",India,"GCP, Hadoop, Next.js, Agile, Docker, Microservices, Redux, Spark, Databricks, LLMs, Pinecone, FAISS, RAG, Fine-tuning LLMs",8 retrieval/search skills; 1 career IR hints; 4 production hints,keyword/title mismatch; long notice,0.55,120.0,2026-01-06,Confirmed not fit. keyword/title mismatch; long notice — 8 retrieval/search skills; 1 career IR hints; 4 production hints doesn't overcome this. Pass. 120-day notice is a significant timeline concern for urgent roles.
153,CAND_0026316,not_fit,not_fit,keyword_trap,89.572,Customer Support,5.3,"Gurgaon, Haryana",India,"Marketing, PowerPoint, Go, Java, Django, Apache Beam, Azure, Airflow, AWS, ETL, Data Science, LLMs, LangChain, Embeddings",7 retrieval/search skills; 1 career IR hints; 4 production hints,keyword/title mismatch,0.63,60.0,2025-10-25,Score 89.6 reflects surface-level match only. keyword/title mismatch. No further action.
154,CAND_0095140,not_fit,not_fit,consistency_trap,57.032,Backend Engineer,5.0,Toronto,Canada,"Kafka, Information Retrieval, QLoRA, Milvus, Photoshop, CNN, Vector Search, BentoML, Go, Forecasting, ETL, OpenCV",3 retrieval/search skills; 5 production hints,expert skill with zero duration; low response,0.28,60.0,2026-04-04,Confirmed not fit. expert skill with zero duration; low response — 3 retrieval/search skills; 5 production hints doesn't overcome this. Pass. Expert-level skill claimed with zero attributed duration — likely inflated CV. Flag for verification.
155,CAND_0061722,not_fit,not_fit,consistency_trap,25.548,Software Engineer,6.8,London,UK,"CI/CD, Reinforcement Learning, Marketing, Terraform, Weights & Biases, GANs, Next.js, Milvus, Flask, Feature Engineering, MongoDB, Speech Recognition",1 retrieval/search skills; 1 career IR hints; 2 production hints,expert skill with zero duration; services-only career; low response,0.17,60.0,2026-04-10,Bucket 'consistency_trap' holds. expert skill with zero duration; services-only career; low response is disqualifying for this role. Not advancing. Response rate 17% is very low — outreach risk is high. Expert-level skill claimed with zero attributed duration — likely inflated CV. Flag for verification.
156,CAND_0036839,not_fit,not_fit,consistency_trap,23.872,Operations Manager,8.1,"Ahmedabad, Gujarat",India,"SAP, GCP, Django, Go, TTS, Rust",1 career IR hints; 5 production hints,expert skill with zero duration; services-only career,0.38,60.0,2026-04-26,Bucket 'consistency_trap' holds. expert skill with zero duration; services-only career is disqualifying for this role. Not advancing. Expert-level skill claimed with zero attributed duration — likely inflated CV. Flag for verification.
157,CAND_0003582,not_fit,not_fit,consistency_trap,23.676,Mobile Developer,8.2,"Kolkata, West Bengal",India,"Docker, Image Classification, MLflow, Photoshop, TTS, Spring Boot, JavaScript, Content Writing",3 production hints,expert skill with zero duration; long notice; low response,0.29,120.0,2026-02-10,Confirmed not fit. expert skill with zero duration; long notice; low response — 3 production hints doesn't overcome this. Pass. 120-day notice is a significant timeline concern for urgent roles. Expert-level skill claimed with zero attributed duration — likely inflated CV. Flag for verification.
158,CAND_0048740,not_fit,not_fit,consistency_trap,21.64,HR Manager,9.9,"Kochi, Kerala",India,"CI/CD, gRPC, Angular, MongoDB, Microservices, Scrum, Redux, Content Writing, Salesforce CRM",1 career IR hints; 4 production hints,expert skill with zero duration; long notice; low response,0.1,120.0,2026-01-25,Confirmed not fit. expert skill with zero duration; long notice; low response — 1 career IR hints; 4 production hints doesn't overcome this. Pass. Response rate 10% is very low — outreach risk is high. 120-day notice is a significant timeline concern for urgent roles. Expert-level skill claimed with zero attributed duration — likely inflated CV. Flag for verification.
159,CAND_0033817,not_fit,not_fit,consistency_trap,21.496,HR Manager,13.3,Berlin,Germany,"FastAPI, JavaScript, Diffusion Models, BigQuery, PostgreSQL, Illustrator, Six Sigma, gRPC",1 career IR hints; 5 production hints,expert skill with zero duration; long notice; low response,0.34,150.0,2026-04-24,Confirmed not fit. expert skill with zero duration; long notice; low response — 1 career IR hints; 5 production hints doesn't overcome this. Pass. 150-day notice is a significant timeline concern for urgent roles. Expert-level skill claimed with zero attributed duration — likely inflated CV. Flag for verification.
160,CAND_0046689,not_fit,not_fit,consistency_trap,21.172,Business Analyst,2.3,Toronto,Canada,"GraphQL, Webpack, Node.js, SQL, gRPC, Spark",1 career IR hints; 4 production hints,expert skill with zero duration,0.63,90.0,2026-05-01,Bucket 'consistency_trap' holds. expert skill with zero duration is disqualifying for this role. Not advancing. 90-day notice is a significant timeline concern for urgent roles. Expert-level skill claimed with zero attributed duration — likely inflated CV. Flag for verification.
161,CAND_0056983,not_fit,not_fit,consistency_trap,20.372,Accountant,12.3,"Ahmedabad, Gujarat",India,"Rust, Next.js, Redis, Salesforce CRM, MongoDB",1 career IR hints; 4 production hints,expert skill with zero duration,0.63,30.0,2025-11-20,Confirmed not fit. expert skill with zero duration — 1 career IR hints; 4 production hints doesn't overcome this. Pass. Expert-level skill claimed with zero attributed duration — likely inflated CV. Flag for verification.
162,CAND_0073853,not_fit,not_fit,consistency_trap,19.748,Operations Manager,8.0,Dubai,UAE,"CI/CD, OpenCV, Marketing, Webpack, GCP, Excel, Vue.js, AWS, Content Writing, Node.js",3 production hints,expert skill with zero duration,0.67,60.0,2025-10-17,Confirmed not fit. expert skill with zero duration — 3 production hints doesn't overcome this. Pass. Expert-level skill claimed with zero attributed duration — likely inflated CV. Flag for verification.
163,CAND_0070429,not_fit,not_fit,consistency_trap,19.548,Software Engineer,8.1,"Indore, Madhya Pradesh",India,"MLOps, PyTorch, Salesforce CRM, Spring Boot, Weights & Biases, Figma, Accounting, Kafka, Terraform, HTML, NLP, YOLO, Java, PostgreSQL",2 production hints,expert skill with zero duration; low response,0.17,90.0,2026-04-21,Score 19.5 reflects surface-level match only. expert skill with zero duration; low response. No further action. Response rate 17% is very low — outreach risk is high. 90-day notice is a significant timeline concern for urgent roles. Expert-level skill claimed with zero attributed duration — likely inflated CV. Flag for verification.
164,CAND_0039754,maybe,strong_fit,generic_adjacent,192.764,Senior Applied Scientist,16.2,"Indore, Madhya Pradesh",India,"Fine-tuning LLMs, LlamaIndex, Qdrant, Reinforcement Learning, NLP, Statistical Modeling, Kubeflow, ASR, OpenSearch, Deep Learning, Machine Learning, LLMs, BM25, Weaviate",role title; 6 retrieval/search skills; 13 career IR hints; 6 production hints,no major structural concern,0.81,30.0,2026-05-14,"Disagree with 'maybe'. Despite 'generic_adjacent' concern, role title; 6 retrieval/search skills; 13 career IR hints; 6 production hints shows genuine depth. 16.2 yrs is credible. Score 192.8 is solid — recommending strong."
165,CAND_0055992,maybe,strong_fit,generic_adjacent,177.968,AI Engineer,16.9,Sydney,Australia,"Information Retrieval, MLflow, FAISS, RAG, Feature Engineering, Data Science, LangChain, SQL, OpenSearch, Embeddings, Prompt Engineering, Accounting, Vue.js, Fine-tuning LLMs",role title; 6 retrieval/search skills; 11 career IR hints; 4 production hints,no major structural concern,0.72,60.0,2026-03-28,"Disagree with 'maybe'. Despite 'generic_adjacent' concern, role title; 6 retrieval/search skills; 11 career IR hints; 4 production hints shows genuine depth. 16.9 yrs is credible. Score 178.0 is solid — recommending strong."
166,CAND_0028793,maybe,maybe,generic_adjacent,164.508,Search Engineer,7.2,"Trivandrum, Kerala",India,"SAP, Kubeflow, Embeddings, Haystack, YOLO, LoRA, PowerPoint, Learning to Rank, Information Retrieval, PEFT, QLoRA, PyTorch, pgvector, NLP",role title; 3 retrieval/search skills; 9 career IR hints; 5 production hints,long notice,0.57,120.0,2026-04-13,Score 164.5 is mid-range. Would shortlist for screening but flag long notice upfront in the call. 120-day notice is a significant timeline concern for urgent roles.
167,CAND_0044883,maybe,maybe,generic_adjacent,164.496,AI Engineer,6.3,Berlin,Germany,"CNN, BM25, Computer Vision, Prompt Engineering, Embeddings, Data Science, QLoRA, ASR, Fine-tuning LLMs, TensorFlow, Deep Learning, scikit-learn, Object Detection, PyTorch",role title; 3 retrieval/search skills; 11 career IR hints; 7 production hints,no major structural concern,0.84,90.0,2026-05-07,Decent fit on paper. no major structural concern is a real constraint. Recruiter to probe timeline/availability before advancing. 90-day notice is a significant timeline concern for urgent roles.
168,CAND_0093547,maybe,maybe,generic_adjacent,163.5,Senior Machine Learning Engineer,2.9,"Coimbatore, Tamil Nadu",India,"LLMs, RAG, Python, QLoRA, Kubeflow, PEFT, GANs, Machine Learning, Diffusion Models, PyTorch, Haystack, Milvus, FAISS, Learning to Rank",role title; 7 retrieval/search skills; 7 career IR hints; 5 production hints,no major structural concern,0.75,60.0,2026-04-10,"Interesting profile — role title; 7 retrieval/search skills; 7 career IR hints; 5 production hints. However, no major structural concern makes this conditional. Outreach OK but note no major structural concern."
169,CAND_0026532,maybe,maybe,generic_adjacent,162.488,Recommendation Systems Engineer,4.8,"Chennai, Tamil Nadu",India,"Prompt Engineering, Time Series, pgvector, TTS, LoRA, PEFT, Embeddings, Semantic Search, Information Retrieval, BentoML, TypeScript, Excel, Pinecone, FAISS",role title; 6 retrieval/search skills; 10 career IR hints; 2 production hints,no major structural concern,0.52,90.0,2026-03-28,"Interesting profile — role title; 6 retrieval/search skills; 10 career IR hints; 2 production hints. However, no major structural concern makes this conditional. Outreach OK but note no major structural concern. 90-day notice is a significant timeline concern for urgent roles."
170,CAND_0054123,maybe,maybe,generic_adjacent,157.828,Applied ML Engineer,4.7,"Gurgaon, Haryana",India,"LangChain, pgvector, Python, Weaviate, Qdrant, SEO, Vector Search, Hugging Face Transformers, Weights & Biases, Tailwind, LLMs, Semantic Search, Speech Recognition, Fine-tuning LLMs",role title; 5 retrieval/search skills; 10 career IR hints; 2 production hints,no major structural concern,0.87,60.0,2026-05-08,Decent fit on paper. no major structural concern is a real constraint. Recruiter to probe timeline/availability before advancing. High response rate (87%) — good reach probability.
171,CAND_0010685,maybe,maybe,generic_adjacent,156.852,NLP Engineer,6.7,"Kolkata, West Bengal",India,"Prompt Engineering, LlamaIndex, Deep Learning, Statistical Modeling, PyTorch, Information Retrieval, ASR, Elasticsearch, MLflow, Java, Weights & Biases, LangChain, Diffusion Models, Haystack",role title; 3 retrieval/search skills; 7 career IR hints; 7 production hints,no major structural concern,0.83,30.0,2026-03-16,"Interesting profile — role title; 3 retrieval/search skills; 7 career IR hints; 7 production hints. However, no major structural concern makes this conditional. Outreach OK but note no major structural concern."
172,CAND_0053695,maybe,maybe,generic_adjacent,156.04,Recommendation Systems Engineer,5.8,"Bhubaneswar, Odisha",India,"MLOps, Apache Flink, GCP, Pinecone, CNN, Weights & Biases, ASR, LangChain, Object Detection, Recommendation Systems, TensorFlow, pgvector, Embeddings, Sentence Transformers",role title; 3 retrieval/search skills; 9 career IR hints; 5 production hints,no major structural concern,0.6,15.0,2026-04-02,Decent fit on paper. no major structural concern is a real constraint. Recruiter to probe timeline/availability before advancing.
173,CAND_0001610,maybe,maybe,generic_adjacent,153.908,Machine Learning Engineer,3.0,"Trivandrum, Kerala",India,"Speech Recognition, Haystack, Deep Learning, Kubeflow, Pinecone, Salesforce CRM, Feature Engineering, scikit-learn, Fine-tuning LLMs, Data Science, Milvus, Sentence Transformers, Reinforcement Learning, Information Retrieval",role title; 4 retrieval/search skills; 10 career IR hints; 5 production hints,no major structural concern,0.57,90.0,2026-04-12,Decent fit on paper. no major structural concern is a real constraint. Recruiter to probe timeline/availability before advancing. 90-day notice is a significant timeline concern for urgent roles.
174,CAND_0075439,maybe,maybe,generic_adjacent,152.864,Machine Learning Engineer,4.3,"Vizag, Andhra Pradesh",India,"Learning to Rank, Feature Engineering, LoRA, Elasticsearch, JavaScript, OpenSearch, ASR, Vector Search, Information Retrieval, Semantic Search, Embeddings, MLflow",role title; 7 retrieval/search skills; 6 career IR hints; 3 production hints,no major structural concern,0.56,30.0,2026-05-07,"Interesting profile — role title; 7 retrieval/search skills; 6 career IR hints; 3 production hints. However, no major structural concern makes this conditional. Outreach OK but note no major structural concern."
175,CAND_0046525,maybe,maybe,generic_adjacent,150.672,Senior Machine Learning Engineer,6.1,"Pune, Maharashtra",India,"Elasticsearch, Redux, LangChain, Machine Learning, LlamaIndex, Information Retrieval, TensorFlow, LLMs, NLP, Sentence Transformers, YOLO, Forecasting, pgvector, Image Classification",role title; 3 retrieval/search skills; 9 career IR hints; 3 production hints,no major structural concern,0.88,60.0,2026-05-23,Skills are there but no major structural concern creates friction. Worth a call but manage expectations on timeline. High response rate (88%) — good reach probability.
176,CAND_0057563,maybe,maybe,generic_adjacent,145.852,NLP Engineer,6.8,"Indore, Madhya Pradesh",India,"Deep Learning, Speech Recognition, RAG, Rust, Elasticsearch, Feature Engineering, OpenSearch, SQL, QLoRA, Prompt Engineering, Hugging Face Transformers, Machine Learning, Time Series, Forecasting",role title; 3 retrieval/search skills; 10 career IR hints; 4 production hints,no major structural concern,0.83,60.0,2026-04-21,Skills are there but no major structural concern creates friction. Worth a call but manage expectations on timeline.
177,CAND_0064904,maybe,maybe,generic_adjacent,143.632,AI Engineer,4.9,"Hyderabad, Telangana",India,"Embeddings, Hugging Face Transformers, Elasticsearch, Diffusion Models, Forecasting, FastAPI, Prompt Engineering, LLMs, Python, MLOps, TensorFlow, Weaviate, Vector Search, Recommendation Systems",role title; 7 retrieval/search skills; 5 career IR hints; 4 production hints,no major structural concern,0.78,90.0,2026-03-17,Decent fit on paper. no major structural concern is a real constraint. Recruiter to probe timeline/availability before advancing. 90-day notice is a significant timeline concern for urgent roles.
178,CAND_0010770,maybe,maybe,generic_adjacent,143.412,Recommendation Systems Engineer,15.2,"Kolkata, West Bengal",India,"Haystack, YOLO, Qdrant, LlamaIndex, Diffusion Models, Deep Learning, Learning to Rank, TensorFlow, Java, REST APIs, Computer Vision, LLMs, Vue.js, TTS",role title; 3 retrieval/search skills; 9 career IR hints; 5 production hints,no major structural concern,0.73,30.0,2026-05-05,Score 143.4 is mid-range. Would shortlist for screening but flag no major structural concern upfront in the call.
179,CAND_0017960,maybe,maybe,generic_adjacent,141.968,Recommendation Systems Engineer,7.7,"Bangalore, Karnataka",India,"LlamaIndex, QLoRA, Hugging Face Transformers, Reinforcement Learning, Machine Learning, Haystack, YOLO, Data Science, Speech Recognition, Qdrant, PEFT, Python, Information Retrieval, BentoML",role title; 3 retrieval/search skills; 7 career IR hints; 5 production hints,no major structural concern,0.72,60.0,2026-04-27,Decent fit on paper. no major structural concern is a real constraint. Recruiter to probe timeline/availability before advancing.
180,CAND_0076904,maybe,maybe,generic_adjacent,141.576,Senior Data Scientist,4.2,London,UK,"CNN, PEFT, Recommendation Systems, Deep Learning, BentoML, Vector Search, Machine Learning, ASR, NLP, scikit-learn, MLOps, Information Retrieval, OpenSearch, Hugging Face Transformers",role title; 5 retrieval/search skills; 6 career IR hints; 3 production hints,no major structural concern,0.54,90.0,2026-04-21,Decent fit on paper. no major structural concern is a real constraint. Recruiter to probe timeline/availability before advancing. 90-day notice is a significant timeline concern for urgent roles.
